kode_barang,total_stock
10001,18
20020,17
20021,18
20018,1
20019,0
20022,14
20007,4
70002,13
80002,8
A2375,25
A2376,9
A2568,35
A2492,15
A2457,2
A2431,36
A2416,0
A2432,4
A2435,11
A2545,33
A2546,11
A2692,18
A2689,0
A2665,28
A2678,14
A2494,0
A2436,15
A2671,0
A2404,32
A2763,16
A2764,18
A2670,0
A2772,7
A2405,12
A2704,22
A2693,16
A2406,0
A2696,15
A2726,16
A2737,29
A2604,10
A2410,13
A2725,0
A1314,30
A2599,8
A2397,30
A2396,4
A2400,7
A2403,0
A2399,19
A2398,8
A2569,20
A1482,26
A2455,7
A2391,0
A2667,1
A0169,1167
A2390,6
A2389,29
A2386,10
A2724,1
A2723,21
A2380,19
A2382,26
A2381,28
A2740,5
A2722,24
A2575,29
A2709,18
A2719,32
A2627,10
A2387,0
A2794,38
A2731,18
A2720,11
A2721,20
A2412,17
A2736,19
A2628,1
A2385,5
A2773,17
A2781,12
A2413,19
A2388,20
A2414,10
A2654,4
A2411,39
A2700,15
A2701,18
A2394,15
A2393,0
A2392,7
A2661,5
A2395,4
A2407,20
A2611,3
A2714,0
A2415,5
A2748,27
A2681,14
A2515,14
A2486,19
A2408,29
A2445,11
A2434,57
A2574,25
A2573,1
A2634,23
A2596,37
A0254,207
A2439,16
A2437,26
A0252,214
A0253,180
A0255,198
A2438,36
A0258,210
A2761,22
A2762,8
A2559,23
A2558,22
A0259,185
A2557,18
A0262,196
A0264,227
A2409,6
A2401,5
A2680,22
A2384,9
A2383,10
A2402,25
A2780,26
A2760,5
A2674,0
A2422,37
A2589,3
A2421,31
A2420,13
A2738,6
A2703,15
A2702,8
A2792,5
A2480,15
A2482,11
A2481,31
A2417,35
A2418,0
A2759,1
A2619,12
A2499,30
A2582,4
A2581,10
A2580,15
A2583,15
A2497,8
A2498,9
A2632,2
A2630,38
A2631,34
A2500,20
A1853,6
A1861,24
A0327,215
A0326,186
A0328,201
A2379,0
A2378,4
A1629,34
A1627,29
A1628,8
A1601,0
A1381,15
A0057,212
A1382,25
A0058,226
A0010,232
A0011,215
A0009,230
A0012,202
A2615,26
A2623,21
A2622,3
A0029,22
A0030,7
A0031,0
A0032,14
A0041,2
A1610,7
A0042,0
A0043,31
A0053,23
A0054,46
A0056,39
A0055,23
A2478,0
A2377,14
A2479,5
A2493,23
A2656,7
A2657,4
A2659,1
A2658,25
A2554,23
A2553,11
A2552,15
A2551,0
A2567,20
A2566,3
A2550,4
A2549,0
A2424,38
A2425,1
A2734,32
A2766,10
A2765,12
A2786,19
A2767,50
A0355,30
A1735,19
A0354,33
A0353,46
A1734,22
A1758,11
A0347,36
A1792,37
A0351,438
A1757,19
A0357,459
A1731,4
A0349,388
A0356,437
A1818,20
A1816,14
A1815,1
A0345,220
A1736,8
A0352,571
A1732,31
A2426,19
A2624,17
A0346,463
A2514,27
A2727,0
A2626,36
A2653,11
A2509,20
A2463,22
A0359,557
A1737,14
A1976,3
A2007,9
A2006,11
A2460,15
A2456,30
A2597,10
A2598,31
A2712,15
A2540,0
A0398,16
A0399,21
A0397,11
A0400,0
A0401,5
A0402,11
A0403,0
A0404,30
A0405,11
A1368,11
A1367,11
A1438,27
A1437,1
A2461,6
A0418,0
A0415,18
A0416,0
A1239,25
A1551,2534
A1648,7
A1649,39
A1647,13
C1319,201
A2625,11
C1321,14
J0388,0
J0387,0
R0057,90
A0867,107
P1253,29
A0417,10
A1954,0
A2757,0
A2728,32
A0423,754
A0424,8
A0425,2391
A2560,19
A2561,30
A2419,8
A2222,0
A0421,1167
A0422,383
A2428,25
A2429,3
A2620,3
A2201,27
A2732,21
A2733,21
A2677,11
A2710,28
A2441,0
A2442,11
A2443,25
A2556,23
A2191,39
A2695,32
A2651,35
A2675,2
A2652,24
A2716,8
A2715,32
A2717,16
A2729,9
A2754,30
A2752,20
A2755,9
A2750,13
A2687,26
A2688,18
A2753,20
A2662,0
A2751,2
A2735,3
A2756,23
A2749,0
A2694,0
A2663,5
A2485,9
A2591,8
A2592,29
A2588,2
A2447,35
A2448,13
A2446,24
K2139,4
A1686,16
A0465,423
A2477,28
A0467,11
A1854,19
A2747,33
A2610,16
A2342,0
A2633,11
A0478,1
A0483,29
A0482,355
A2697,7
A2645,20
A1419,0
E0684,446
A2668,10
A2669,1
A2730,20
A2637,3
A2636,34
A2638,4
A2440,22
A1673,39
A0507,0
A2584,10
A2533,36
A2531,17
A2535,20
A2532,0
A2536,20
A2537,0
A2538,18
A2534,19
A2530,25
A2315,37
A2690,5
A2691,10
P0260,19
P0261,16
P0257,19
P0259,19
P2289,35
A1429,11
A1694,17
A2444,45
A2430,35
A0539,25
A0541,18
A1787,10
A0540,0
A1162,0
T0286,374
T0285,366
A2518,18
A0561,29
A0564,0
A0592,34
A2541,35
A0590,22
A0591,469
A0593,203
A0595,3
A0585,700
A0594,689
A0588,0
A0587,17
A0589,16
A0570,14
A1872,17
A1234,1
A2708,9
A2742,17
A2706,13
A2705,28
A2775,22
A2707,3
A2503,14
A0611,24
A0614,37
A0613,445
A1281,29
A0616,9
A2501,16
A0621,9
A2516,6
A2336,9
A0642,11
A0632,449
A0634,459
A1415,0
A0636,12
A0638,0
A2517,30
A2507,4
A2504,15
A2337,17
A2484,15
A2483,11
A2617,19
A2618,1
A2613,0
A2612,0
A2713,18
A2718,4
A0644,14
A0645,3
A2489,23
A2491,4
A2490,4
A2649,28
A2647,23
A2571,10
A2646,17
A2590,4
A2648,32
A2572,13
A2496,4
A2586,0
A2666,16
A2506,21
A2505,11
A0650,454
A0652,12
A1950,16
A0653,433
A2672,19
A2673,23
A2641,14
A2640,0
A2235,30
A2621,0
A2578,8
A2579,5
A0657,382
A0658,31
A1966,13
A2616,6
A2277,12
A2745,16
A2744,37
A1170,6
A2134,23
A2564,3
A2186,13
A2576,10
A2711,0
A2338,0
A2339,28
A2474,7
A2525,2
A2475,0
A2472,21
A2473,31
A2158,0
A2162,52
A2476,1
A2741,22
A0764,3189
A0673,11
A0715,11
A0694,0
A0696,0
A0693,0
A0734,216
A0733,309
A0737,0
A1416,24
A2466,8
A0697,175
A1475,2
A0765,225
A1753,69
A1791,23
A1790,0
A2465,21
A1717,1
A1597,0
A1594,0
A0708,171
A0688,696
A0710,210
A0691,23
A0704,187
A0684,669
A0701,215
A0680,705
A0705,572
A0685,629
A0700,203
A0681,705
A0698,163
A0678,711
A0707,194
A0687,683
A0703,201
A0699,220
A0679,687
A1376,5
A1948,6
A2467,1
A2650,17
A2433,13
A2259,0
A2464,0
A2449,0
A2260,0
A2679,17
A2603,33
A2602,31
A2462,32
A2614,37
A2009,23
A2585,0
A1512,28
A1511,35
A2522,5
A2520,35
A2544,0
A2563,6
A2523,32
A2519,7
A2521,23
A2543,2
A2562,8
A2595,27
A0789,202
A0790,927
A0791,13
A0794,457
A2423,22
A2608,1
A2609,0
A2607,27
A0815,34
A0816,10
A0817,9
B1806,7
S5043,22
A2784,9
A2785,31
A2458,15
A2459,4
A2137,38
A2427,28
A1469,7
A0890,17
A0891,41
A0892,96
A2526,0
A0909,455
A2285,15
A1552,26
A1553,0
A1768,42
A2082,0
A1769,27
A0906,31
A0907,97
A2283,13
A2369,0
A2287,16
H0132,43
A2528,15
A0905,7
A2548,22
A2512,0
A1972,1
A2301,38
A2577,20
A2340,20
A2281,22
A2289,5
A2296,20
A2294,99
A2587,0
A2527,0
A2547,22
A2291,4
H0133,10
A2791,28
A2790,28
A2298,14
A2699,4
A2698,0
A2203,37
A0912,7
A0913,11
A1507,25
A0911,39
A0920,35
A1506,0
A0910,20
A0919,43
A1505,5
A2639,5
A2635,14
A2664,0
A2642,20
A0917,24
A0921,30
A2529,15
A2374,38
A2239,32
A2238,0
A2739,5
A2240,9
A2565,19
A2746,6
A2758,28
A2676,39
A1851,96
A2524,20
A2601,15
A2600,2
A2125,23
A2495,28
A1973,7
A1998,24
A2570,32
A2605,18
A2470,1
A2469,32
A2468,40
A2488,27
A2502,0
A2487,0
A1974,23
A2594,4
A0926,5
A2783,26
A1688,19
A2170,5
A2593,2
A1671,15
A0927,437
A2655,0
A2768,18
A2769,14
A2771,35
A2770,13
A0942,107
A2324,1
A2325,2
A1630,18
A1748,16
A2789,1
A2788,12
A2454,4
A2450,32
A2743,0
A2774,0
A2511,0
A2452,27
A2451,22
A2555,21
A2510,0
A2453,12
A2686,18
A0986,208
A2004,7
A0958,207
A0988,208
A0983,234
A2777,1
A2778,21
A2779,19
A2795,1
A1012,1873
A1015,3
A1016,1402
A1013,1422
A2471,10
B3857,6
B4191,1
B3898,13
B3899,28
B4405,19
B4404,0
B4401,0
B4403,25
B4402,9
B4625,27
B4626,22
B4655,18
B4624,1
B4631,13
B4630,16
B4418,32
B4412,16
B4411,32
B4407,0
B4090,23
B0013,20
B4619,20
B0017,33
B0018,8
B0019,17
B0020,21
B0022,21
B0015,39
B0016,0
B0021,35
B4641,34
B4683,43
B4632,23
B4628,15
B4629,11
B4627,16
B4342,9
B4343,2
B0024,5
B0026,0
B0028,31
B0030,1
B0025,27
B0027,29
B0029,18
B0023,5
B4617,1
B4618,13
B4180,16
B4179,3
B0034,23
B4248,11
B0035,0
B0033,24
B4341,40
B0014,7
B0037,0
B0040,13
B0036,35
B4340,18
B0038,2
B0012,27
B3401,22
B3470,34
B3471,4
B4620,6
B4621,3
B0041,16
B0032,0
B0045,223
B0031,25
B0042,25
B0043,0
B0044,21
B2676,8
B2677,23
B2678,2
B2637,13
B4417,25
B4415,16
B4416,36
B4507,0
B4508,9
B4414,32
B4413,17
B4622,16
B2941,8
B4623,12
B4303,5
B4306,14
B4307,20
B4304,12
B4308,29
B4305,38
B3282,0
B3281,29
B3279,28
B3324,15
B3325,25
B3590,14
B3591,0
B3326,35
B3327,17
B4238,36
B4287,11
B4241,10
B4239,0
B4240,37
B0057,21
B0060,938
B0061,979
B4254,0
B3215,10
B2515,12
B3312,2
B0073,0
B0074,0
B0077,396
B0079,30
B0080,4
B0063,166
B1916,40
B3356,17
B0100,703
B0101,693
B0102,1424
B0103,1399
B0088,176
B4400,19
B4206,23
B3132,5
B2921,22
B4425,0
B4426,3
B4313,20
B3661,15
B3655,8
B3660,15
B3654,36
B4302,14
B3699,14
B4314,33
B3653,0
B3662,22
B4318,8
B0147,186
B0148,213
B0150,19
B0153,199
B4184,0
B2564,36
B0154,197
B0152,204
B0157,207
B0185,21
B3873,5
B0194,193
B0197,456
B4183,14
B4200,16
B4190,10
B0210,0
B4445,3
B0205,207
B0206,192
B0207,10
B2861,5
B0220,227
B0221,222
B4038,0
B4470,29
B1753,30
B0243,912
B4389,11
B4675,19
B0240,453
B0242,232
B4648,1
B4525,36
B4372,24
B4583,27
B4596,0
B0269,197
B0273,24
B0266,220
B0265,19
B0270,218
B0272,211
B0275,10
B0278,32
B0274,433
B4300,37
B4301,14
B4296,11
B4297,0
B2062,4
B2312,25
B2313,35
B4256,14
B4257,32
B4236,19
B4235,40
B4234,19
B4285,19
B4284,7
B3742,19
A0118,458
A0119,212
B4539,27
B4540,13
B4188,5
B4528,0
B4608,24
B3570,35
B3271,10
B3270,10
B4189,16
E0443,1046
B3741,36
A0116,431
A0117,199
B4666,11
B4667,17
B4394,3
B4354,34
B4558,27
B4554,20
B4556,24
B4557,48
B4555,20
B4559,0
B4176,8
B3934,0
B3889,38
B4579,11
B4580,2
B4423,36
B2369,5
B0316,1880
B0317,1890
B0318,39
B0319,0
B0320,24
B0321,0
B0323,16
B0322,37
B0324,30
B0326,84
B0329,21
B0330,4
B0331,4
B0332,20
B4397,45
B3687,21
B3686,17
B3083,0
B2999,1
B3000,32
B3001,45
B3002,22
B0388,22
B0384,5
B0402,205
B0394,40
B0386,22
B0409,181
B4419,37
B4682,27
B0313,21
B0314,2
B4681,9
B4574,18
B4636,32
B4637,26
B3998,0
B4639,11
B2764,27
V0639,22
B2610,0
B2465,33
B1667,424
B0448,16
B0447,2
B2294,1
B0451,10
B0453,229
B0452,19
B4353,0
B0476,23
B2293,4
B4532,30
B0473,0
B0474,2
B4599,32
B0475,35
B3400,30
B0477,1
B2355,25
B1780,6
B0478,29
B4495,22
B4347,29
B4531,21
B0450,223
B0481,32
B4663,8
B4344,23
B4638,23
B0486,206
B4526,2
B3828,28
B0489,21
B3082,20
B0484,37
B2342,6913
B0502,36
B0503,0
B4346,47
B4348,35
B4662,8
B4345,29
B4678,2
B4679,35
B3402,10
B0539,49
B4329,5
B3568,5
B4291,5
B4335,20
B0541,29
B4203,10
B0544,8
B4202,23
B4319,19
B4582,0
B0554,227
B0565,407
B0566,456
B0567,204
B0568,447
B0569,449
B4457,22
B0574,421
B4459,39
B0575,439
B0576,0
B0577,3
B4455,2
B4311,18
B4468,31
B4484,6
B4491,28
B3255,11
B4458,5
B2154,9
B4482,20
B0578,30
B3039,18
B4456,13
B3040,3
B4635,20
B4436,33
B4255,33
B4429,0
B4428,3
B0581,459
B4566,15
B4565,25
B4567,10
B4568,12
B4576,20
B4469,0
B4510,0
B4513,47
B4575,9
B4483,24
B4490,11
B0570,209
B3862,20
B4609,6
B4561,36
B2978,1
B3875,13
B3011,0
B3876,12
B0584,21
B0585,188
B0587,14
B4201,2
B4463,27
I0123,213
B4653,48
B4652,18
B4649,0
B4654,23
B4651,41
B4650,3
B0646,1047
B4167,3
B3432,0
B0648,2371
B0649,1
B4165,2
B4166,14
B4168,23
B4703,26
B4704,1
B4702,48
B4661,44
B3689,30
B3892,0
B3903,5
B3891,41
B3901,29
B3885,23
B3838,13
B3909,0
B3732,11
B3704,18
B3705,7
B3706,0
B3707,8
B3902,21
B4577,13
B4670,0
B4092,0
B4578,45
B0663,229
B4196,13
B3445,11
B4197,20
B0664,189
B0684,230
B4173,17
B4174,7
B2767,23
B4155,35
B2815,27
B2758,22
B2766,8
B2884,22
B2768,12
B2812,12
B4433,26
B4432,39
B0686,278
B0687,414
B0688,443
B0689,437
B0690,389
B0702,437
B0698,452
B0699,6
B0701,434
B0700,449
B2935,23
B2813,47
B2903,15
B2816,21
B2765,20
B2904,23
B2782,24
B2769,98
B2770,6
B4430,0
B4431,3
B4672,8
B0682,255
B0683,0
B4229,18
B0685,23
B3595,8
B3596,4
B3594,3
B0695,898
B0697,1845
B0696,898
B3322,35
B3323,16
B4380,0
B4379,24
B4435,18
B4454,30
B4453,8
B4246,12
B4247,28
B4175,0
B4452,13
B4451,0
B0718,32
B0719,928
B0717,19
B1458,25
B1459,30
B4391,10
B2186,11
B3235,0
B3231,17
B3266,0
B3265,13
B3260,31
B3263,0
B3267,5
B3264,28
B3261,37
B3262,12
B0722,459
B0723,26
B0724,34
S3173,0
S3172,29
B0692,659
B0694,690
B4450,10
B4449,3
B4448,13
B4434,0
B3328,21
B3269,33
B3268,29
B3329,0
B4427,0
B3841,38
B4253,20
B4366,0
B3842,0
B3839,13
B0733,230
B2004,28
B4533,1
B4424,29
B4228,0
B4581,0
B0789,218
B0795,3
B3910,12
B0797,0
B0791,0
B0794,22
B4250,15
B0798,0
B1733,22
B1732,21
B0801,29
B0802,26
B2837,26
B4444,1
B3983,5
B3922,42
B3921,35
B3951,17
B3871,32
B3870,25
B0811,349
B3064,0
B4446,6
B0816,461
B0818,419
B0819,453
B3205,0
B4100,29
B1715,33
B2292,0
B2007,0
B0809,24
B0810,48
B2008,42
B4099,31
B4422,15
B3847,19
B4371,37
B4369,8
B4081,0
B4370,7
B4614,15
B4665,5
B4664,44
B2740,95
B4216,4
B4211,34
B4214,34
B4212,0
B4215,1
B4210,9
B4213,4
B0846,2
B0848,11
B4634,18
B4465,2
B4530,27
B4524,6
B4529,15
B4061,10
B4487,36
B4421,30
B4443,0
B4442,27
B4321,41
B4322,13
B4172,22
B4326,12
B4325,26
B4537,26
B4393,26
B4395,27
B4396,0
B1532,0
B4209,1
B4199,31
B4198,13
B4597,0
B4600,33
B4129,27
B4364,9
B1425,17
B2187,8
B0863,4
B0864,5
B0882,1184
B0866,0
B1779,31
B0873,31
B0876,0
B0871,5
B0872,5
B0865,29
B0877,1167
B0869,23
B0870,18
B0874,39
B0879,1153
B4265,8
B4264,5
B4263,3
B4262,24
B4267,2
B4266,19
B4269,23
B4268,37
B4271,18
B4270,12
B0889,85
B4440,6
B4441,26
B0897,3
B0899,78
B0901,927
B0903,70
B0905,81
B0907,49
B0909,415
B0898,216
B0900,208
B0902,939
B0904,97
B0906,25
B0908,3
B0910,208
B3295,175
B3254,6
B0911,21
B4398,24
B4192,32
B3246,10
B0916,892
B0917,449
B0919,0
B4295,49
B0930,462
B4514,14
B3895,19
B1649,0
B0937,4
B3897,33
B0938,10
B0939,0
B4611,34
B4612,0
B0996,13
B2775,5
B2755,16
B2795,28
B3378,17
B0982,13
B4388,9
B0965,939
B0966,920
B0967,458
B4384,12
B0969,29
B4336,0
B2777,20
B0978,25
B0971,0
B0972,0
B0970,438
B4381,31
B4383,13
B0974,21
B0976,448
B0973,21
B4332,0
B4226,34
B4221,3
B0977,457
B4409,29
B0979,408
B0997,28
B0980,441
B0983,233
B4382,10
B4331,19
B4330,15
B2821,16
B0999,20
B0985,224
B0986,200
B0995,7
B4669,0
B2776,25
B4392,0
B1000,13
B1001,28
B4410,19
B2774,1
B2753,0
B4613,28
B4386,16
B0984,176
B4387,2
B2773,27
B2754,17
B4645,33
B4644,35
B4695,39
B4694,24
B4699,16
B0960,13
B4479,16
B4477,23
B0945,441
B4476,8
B4478,41
B4474,25
B0947,7
B1005,25
B4475,1
B1037,14
B4473,0
B4472,21
B1004,24
B0943,447
B3511,5
B0949,946
B3510,29
B4312,2
B4700,0
B4701,8
B4602,0
B4693,4
B4535,4
B0962,22
B0964,454
B4420,12
B4171,0
B1025,97
B1027,23
B1026,0
B0951,877
B2531,18
B2009,6
B3509,14
B4698,39
B2820,22
B4438,34
B4439,10
B4227,9
B4466,20
B1051,0
B4464,12
B4177,4
B4178,24
B3861,0
B4350,39
B4349,22
B4059,5
B3771,0
B4272,19
B4273,29
B4351,12
B4352,34
B4437,13
B3388,33
B2109,15
B2834,8
B2107,25
B4504,0
B4676,27
B4139,5
B2607,0
B2343,1
B2108,7
B3826,8
B4646,19
B4647,29
B2608,3
B3765,0
B4317,20
B4316,0
B4339,2
B4315,15
B4320,9
B4547,27
B4374,0
B4373,22
B4375,11
B4365,11
B4066,16
B4164,44
B4145,34
B4073,24
B4377,0
B4378,36
B4376,8
B4515,5
B3853,10
B1084,529
B1086,4790
B4299,24
B4298,1
B3066,1
B1089,1879
B1090,24
B4205,0
B4204,37
B4237,22
B3860,23
B4223,33
B4222,35
B4231,49
B4243,39
B4244,9
B4593,2
B4406,6
B4551,23
B4550,26
B3986,12
B4595,15
B4594,38
B2711,35
B4522,13
B4356,2
B4064,44
B1138,33
B1139,19
B1531,3
B1144,212
B4689,1
B1145,70
B1146,3
B4633,21
B1147,0
B1903,13
B4657,8
B4610,1
B4671,7
B4673,16
B4194,33
B2933,15
B4309,20
B4278,9
B4279,10
B1166,11
B4249,27
B1167,447
B4337,7
B4328,19
B2444,5
B4327,0
B1574,19
B4486,16
B4485,26
B4368,18
B3165,8
B4520,6
B4521,24
B4615,7
B4616,3
B4385,0
B4471,39
A2508,26
B4545,25
B4546,8
B4467,20
B4225,9
B4224,61
B1199,166
B2826,3
B4399,0
B4170,34
B4169,14
B4232,10
B4603,1
B4605,0
B4604,0
B4607,29
B4606,15
B4186,14
B4543,26
B4233,27
B4542,1
B4523,32
B4185,39
B4544,16
B2841,21
B4187,23
B3601,29
B3602,44
B2973,7
B4496,0
B4481,33
B4286,0
B4359,21
B4358,24
B3757,1
B4016,2
P0614,14
B4696,0
B4043,5
B4338,14
B4660,29
B4659,16
B4658,0
B1265,1
B1266,1
B4691,19
B1269,2
B1270,7
B4355,5
B1271,31
B1282,1400
B1284,35
B3845,27
B3844,18
B3843,24
B3846,27
B4018,0
B4218,14
B4219,0
B4259,25
B4217,30
B4261,33
B4260,0
B1319,14
B1331,8
B2511,14
B1300,11
B1295,22
B1297,11
B1301,41
B1314,27
B1310,13
B1313,8
B1315,6
B2457,7
B2512,34
B3483,11
B3085,29
B3086,0
B3087,24
B3182,0
B3090,23
B4560,29
B1339,39
B2663,12
B2757,18
B2662,15
B1340,24
B4687,6
B3008,45
B3007,34
B3206,13
B3166,16
B3142,28
B1341,447
B2797,36
B2587,13
B1342,450
B1343,447
B2840,36
B1344,436
B1345,431
B4688,16
B4686,5
B1346,460
B2966,29
B4564,21
B4562,19
B4563,0
B4656,0
B1347,6
B1348,35
B2942,32
B1349,0
B1350,43
B2839,20
B4677,29
B4536,29
B4289,3
B3708,4
B2661,0
B4230,14
B3160,12
B1682,32
B4573,0
B4572,1
V1048,15
B4571,0
B4548,25
B4290,20
B3298,17
B4684,3
B4685,29
B4310,16
B3207,28
B3209,3
B4516,0
B4334,0
B1879,7
B2735,28
B1878,16
B2734,11
B2105,23
B3709,8
B2541,8
B2540,0
B4506,31
B3582,11
B4690,22
B4499,17
B4163,8
B4362,3
B4363,1
B4360,2
B4361,37
B4274,11
B4552,13
B4553,18
B4511,6
B4276,22
M1233,0
B4275,7
B4503,3
B4494,12
M1232,6
M1234,22
B4519,7
B2706,23
B4518,38
B4161,18
B4160,15
B2193,9
M1235,21
B4500,25
B4462,44
B4492,24
B4588,13
B4643,2
B4640,31
B4245,0
B1379,12
M1219,28
B3347,0
B4601,18
B4592,20864
B4162,23
B4156,26
B2442,21
B4251,20
B1385,0
M1220,14
B3290,14
B4493,9
B2233,6
B3598,33
B4502,6
B1389,32
B4488,2
B2374,14
K0398,4
B1388,5
S1361,12
B4527,21
B4497,0
B4587,31
B4586,14
B4569,0
B4570,15
B4534,26
B4501,31
B4590,13
B4357,0
B4541,24
B4584,6
B4498,20
B2431,1
B4589,41
B4505,35
B4242,1
B2748,0
B4182,9
K0399,23
B3562,22
B3453,26
B3694,31
B4549,9
B4252,33
B4158,33
B3478,5
B4157,25
B3564,10
B2291,0
B3583,36
B4538,0
B2254,8
B3563,0
B3565,25
B3069,30
B3054,33
B4193,20
K0404,32
M1230,17
E0071,28
M1226,35
B4277,35
B3646,2
B2985,25
S1363,15
B1401,5
S1364,12
B1393,30
B1394,13
B4461,3
B4460,0
B4591,0
B3566,32
B4281,17
B4282,23
B4280,0
B4283,10
B4208,25
B4207,35
B4288,3
B4517,2
B2245,3
S5563,9
B3697,67
B4512,21
B4480,40
B4642,37
B1723,27
B4294,2
B4258,13
B1410,0
B4585,0
B4293,13
B2984,1
B4509,27
B0309,32
B2314,0
B4447,2
B4292,39
B2881,0
B2882,27
B2883,24
S3299,14
C3924,21
C3925,35
C2271,5
C2212,14
C2152,36
C2272,19
C2151,32
C2714,22
C2713,0
C2184,22
C2080,11
C3198,5
C3199,27
C3239,7
C3200,25
C0008,34
C0009,15
C0014,7
C2667,42
C2106,15
C2105,1
C3689,20
C3691,33
C3690,3
C0098,17
C0104,18
C0108,0
C0128,193
C0129,180
C1544,197
C0130,232
C0123,20
C0124,196
C0118,15
C0125,27
C0073,0
C0075,35
C0076,9
C0077,0
C0080,32
C0081,19
C0088,25
C0092,0
C0090,1
C0091,81
C0175,2
C0167,212
C0176,1
C0177,9
C0166,223
C1538,27
C0178,15
C0179,0
C0180,23
C1849,26
C0197,26
C0198,23
C0199,103
C0200,29
C0191,208
C0192,10
C0189,29
C0190,0
C3190,33
C3188,8
C3187,34
C3189,0
C3191,8
C2337,12
C3780,1
C3779,14
C3270,18
C3269,27
C3274,41
C3271,23
C3272,28
C3273,2
C4061,16
C0651,2
C4018,17
C0652,191
C0672,21
C0668,10
C0625,26
C0644,462
C0645,24
C0648,0
C4015,4
C4016,31
C4017,21
C4014,27
C4013,25
C4032,4
C3644,0
C0244,1
C0251,10
C0252,14
C0255,206
C4134,9
C4150,25
C0256,229
C0261,21
C0262,4
C3214,43
C3721,5
C3724,17
C3723,18
C3725,14
C3019,11
C3726,21
C3719,37
C3018,26
C3302,0
C3016,1
C3720,28
C3217,18
C2619,2
C3722,3
E0801,18
C0280,435
C3089,26
C3090,32
C4104,31
C4021,11
C3347,0
C3965,28
C3966,32
C4057,13
C3964,11
C4149,0
C0292,14
C0293,1413
C0294,17
C3730,16
C4226,37
C3729,17
C2788,0
C2293,16
C1807,0
C1964,23
C3465,22
C1921,0
C1996,2
C3931,22
C0320,220
C1903,25
C2254,15
C0325,205
C0326,9
C0348,203
C0327,219
C1975,3
C0328,210
C2216,35
C0318,5
C0329,172
C0323,88
C0361,197
C0324,89
C0360,227
C0330,211
C0331,85
C0333,92
C0338,28
C0339,0
C2283,14
C0341,27
C0342,23
C2383,0
C0346,0
C0347,4
C2384,0
C0315,17
C0316,16
C0388,179
C0374,215
C0378,0
C0350,216
C0351,214
C0353,97
C0354,105
C0357,0
C0358,91
C0359,81
C3879,27
C3878,31
C3696,0
C3703,12
C3702,0
C3663,1
C0368,14976
C2161,25
C2160,13
C2437,9
C2863,8
C2862,1
C4131,28
C4077,3
C2440,13
C0366,14
C0303,74
C0306,79
C0309,81
C0312,106
C2210,26
C2191,4
C2192,29
C2194,31
C2193,3
C2270,22
C1987,0
C3325,18
C3326,33
C3890,10
C0304,432
C0307,12
C0310,452
C0313,0
C0302,0
C0305,197
C0308,214
C0311,225
C3871,0
C3927,29
C4213,16
C0438,466
C0417,312
C2895,14
C0424,419
C1857,10
C1856,20
C0420,0
C0426,568
C1879,0
C0430,375
C0431,371
C3374,15
C0433,472
C0437,572
C2422,0
C0442,341
C3450,15
C3449,28
C0458,20
C0460,0
C0463,6
C3786,35
C3784,14
C3785,0
C3783,27
C3557,19
C2715,16
C3819,1
C3818,6
C3817,21
C3816,22
C3476,0
O0317,0
C3646,15
C3231,19
I0622,16
E0153,934
C2557,13
C3638,37
M1203,208
C2380,5
M2746,109
C2379,0
C2378,29
C2958,7
B0223,50
B0225,215
B0215,21
B0226,16
M1196,34
M1197,24
M1198,0
M1327,18
M3162,0
M1190,31
M1191,25
M1192,36
M1194,10
C4055,33
C4216,27
C4054,2
M1326,935
M1328,217
C4053,10
M1325,5728
C3843,1
C0477,2
C3764,3
C3643,0
C3470,25
C3642,9
C1965,24
C1966,24
C0498,17
C0506,12
C0515,28
C0496,19
C2693,30
C2694,28
C2696,31
C0530,22
C0499,11
C0524,4
C0497,4
S2185,24
C3870,13
C3821,16
C3822,17
C3823,27
C3824,14
C4106,19
C4045,24
C4082,35
C3825,0
C3826,8
C3827,21
C3869,20
C3866,0
C3867,13
C3868,19
C3865,9
C3862,6
C3864,11
C3863,20
C4112,18
C4110,3
C4111,37
C4109,0
C4107,24
C4108,4
C4113,2
C3829,4
C3830,13
C3828,15
C4206,19
C2795,1
C0555,451
C4047,26
C3136,48
C3645,0
S2189,21
C3836,30
C3680,0
C3926,18
S2184,6
S2194,14
S2195,38
S2190,25
C0573,5
C2706,3
C0571,0
C0572,24
C2761,8
C0574,21
C0575,0
C2507,28
C0576,13
C3008,0
C0565,2
C0567,36
C0569,46
C0596,0
C0619,30
C0609,30
C0593,5
C0620,31
C0591,2
C0568,8
C0570,2
C0562,0
C0592,0
C0621,13
C0618,9
C0622,10
C0564,11
C0608,15
C0566,8
C0617,14
C0606,3
C0607,1
C0603,15
C0563,1
C2207,46
C0610,4
C0611,4
C0612,6
C0614,15
C0616,19
C2091,25
C2074,19
C3137,32
C2021,2
C3899,28
C2020,27
C3027,17
C3026,25
C3963,14
C3430,18
C2815,12
C3728,13
C3727,24
C3831,31
C3832,1
C4168,20
C3650,37
C3649,11
C3648,2
C3767,44
C3939,0
C0626,16
C3692,37
C0631,5
C0633,0
C0635,31
C0636,11
C0637,29
C2069,12
N1587,23
C0684,0
C0685,16
C0686,184
C0046,25
C0690,45
C1530,34
C0691,0
C0692,38
C2092,11
C2093,17
C2068,26
C3902,26
C3954,9
C3955,31
C0756,15
C0757,0
C0758,32
C0693,16
C4069,23
C0034,13
C3009,6
C3953,32
C0697,30
C0696,46
C0698,0
C0700,8
C0699,0
C3135,1
C2792,29
C3006,1
C3685,22
C3911,20
C3781,1
C3876,0
C3938,15
C0701,44
C1841,17
C0704,0
C0703,28
C0705,4
C1848,15
C0706,0
C3940,15
C0710,0
C0714,17
C0711,24
C3910,20
C3886,4
C4219,3
C3698,1
C3699,18
C2431,0
C0627,21
C3687,0
C3688,30
C0716,31
C3700,22
C0718,22
C0722,19
C1873,31
C3952,0
C3686,7
C3951,32
C0724,225
C3693,40
C0728,13
C0731,13
C0733,2
C0765,0
C0732,35
C3982,22
C0736,46
C2022,26
C0737,0
C4059,5
C4046,8
C0743,3
C0759,5
C0742,28
C4044,18
C3694,0
C0745,23
C0746,22
C0747,24
C3186,21
C3185,0
C0749,12
C0750,19
C4027,36
C0039,6
C0038,35
C0040,169
C0044,4
C0045,1
C0043,0
C0024,14
C0025,36
C0033,26
C0035,48
C0753,13
C0752,37
C4006,4
C1798,37
C1797,8
C0755,32
C0754,18
C3893,2
C4135,9
C4128,23
C4074,42
C4073,11
C4084,1
C4157,19
C3367,10
C3368,22
C3366,12
C3365,9
C4095,110
C3877,33
C4075,15
C4076,5
C4191,8
C4114,13
C3669,14
T2444,21
C2526,1
C2827,16
C3800,22
C3806,4
C4065,23
C4130,4
C4063,0
C4087,2
C4129,2
C4088,28
C4062,8
C4089,5
C4090,7
C4066,25
C4064,6
C4086,32
C3805,6
C4142,0
C3682,26
C3632,18
C3633,31
C3634,32
C3636,390
C3635,1
C3637,1
C3630,11
C3629,0
C3631,11
C3714,6
C3715,0
C3717,17
C3716,2
C2505,39
C2362,32
C3918,34
C2363,0
N0332,770
C3896,3
C3933,28
C3974,12
C3904,40
C3923,29
C3934,18
C3944,8
C3936,1
C3922,4
C3919,11
C3943,8
C3920,24
C4102,0
C4101,12
C3932,28
C4175,2
C4176,13
C3849,19
C3833,3
C0812,132
C0815,168
C0819,159
C0809,34
C0810,0
C0813,214
C0816,199
C0820,223
C3858,25
C3857,0
C3859,13
C3861,2
C3856,1
C3860,0
C2882,0
C2883,11
C2910,31
C3371,2
C2891,9
C3776,33
C3774,15
C3775,5
C3807,30
C3900,0
C3202,1
C2108,7
C3787,22
C3804,0
C3043,8
C3241,24
C4202,0
C4211,6
C4126,26
C4201,22
C0825,360
C3929,3
C3930,6
C4199,13
C4200,32
D0308,0
D0306,263
D0307,367
D0309,276
Q0082,41
Q0016,3
Q0019,28
Q0020,29
C4161,0
C2977,14
C3697,15
C1830,29
C1735,32
C0836,932
C0838,946
C0839,925
C0840,924
C0841,389
C1827,62
C1734,2
C1822,39
C0843,439
C0844,439
C0845,454
C0846,416
C0849,10
C1821,2
C0851,916
C0853,1152
C1967,4
C0835,905
C3162,25
C0842,292
C0855,1129
C3709,43
C0852,5
C3695,40
C2675,34
C3478,4
C3479,7
C4155,30
C4156,17
C4194,19
C4195,31
C0858,16
C3768,14
C0859,20
C4068,8
C4067,10
C4036,12
C4035,0
C4043,21
C4243,1
C4242,11
C2396,1
C0860,12
C2006,17
C0861,27
C0864,1394
C0865,1388
C0862,26
C0863,675
C2674,14
C2639,16
C2569,29
C2570,31
C4098,22
C4099,7
C3744,16
C3745,21
C4165,1
C2861,13
C3738,87
C2547,81
C2548,0
C2480,20
C2517,10
C2682,42
C2744,17
C2255,13
P1232,35
C3854,9
C3747,0
C3801,27
C4177,0
C4198,15
C3962,0
C3961,0
C3960,17
C4183,0
C4152,0
C4182,10
C4154,15
C4221,22
C4153,0
C4151,9
C4197,14
C0977,951
C0978,467
C0970,0
C0971,6
C3477,72
C0972,98
C3841,23
C0958,15
C0959,12
C0960,0
C0961,26
C0974,31
C0975,1
C3321,27
C0962,16
C0963,16
C0964,32
C0965,0
C0966,442
C0967,20
C0968,28
C0969,10
C3024,0
C3023,35
C2998,21
C2825,34
C2826,38
C3782,48
C2393,0
C2122,24
C1002,7
C2130,8
C3330,3
C1003,751
C1004,42
C1005,546
C3331,14
C1006,272
C3912,36
C2653,26
C4196,28
C4178,0
C3847,0
C1008,27
C1015,23
C1016,198
C1018,457
C1021,1172
C1022,6
C4031,17
C4081,0
C1023,1163
C3641,24
C3395,6
C3881,10
C3471,31
C4238,0
C3640,7
C3472,5
C3913,8
C2506,0
C4071,21
C3914,29
C2796,28
C1027,2852
C3473,0
C4060,35
C3984,38
C3983,1
C1030,88
C1029,210
C1031,72
C1025,100
C1032,102
C1033,216
C2638,11
C3062,22
C4024,24
C2857,43
C2387,21
C2668,46
C4180,20
C3654,31
C3937,27
C3664,25
C3683,9
C4133,20
C3793,14
C4037,29
C4187,0
C3989,19
C3037,10
C3414,0
C3598,28
C3639,22
C1051,40
C1047,169
C1963,21
C1049,27
C3653,20
C1060,233
C4170,12
C4171,3
C4169,1
C4174,20
C3808,26
C3945,12
C4212,4
C3795,0
C2584,35
C2605,38
C3616,5
C3769,0
C4138,5
C3809,1
C3794,28
C3895,34
C3894,0
C3772,25
C3771,27
C3941,0
C3773,23
C3770,29
C3796,22
C3791,3
C4022,19
C3495,20
C4179,30
C3907,32
C4181,13
C3978,3
C0096,1
C1535,229
C0103,4
C1085,20
C1087,35
C1792,4
C1094,453
C1095,3
C0642,4
C0643,424
C3815,19
C3959,16
C4159,18
C3967,6
C1099,0
C4072,9
S0731,445
C1100,440
C4100,3
C2365,25
C1106,461
C3888,0
C1107,461
C3143,21
C3142,29
C1109,12
C1110,21
C1114,49
C1115,1
C3973,24
C4228,13
C3885,17
C3853,11
C1111,415
C1113,686
C2531,30
C3897,6
C3898,16
C3718,37
C2410,30
C2233,33
C2232,24
C2412,7
C2267,22
C2345,0
C2513,2
C2510,1
C2514,14
C2509,23
C3684,21
C2539,33
C4023,24
C2598,27
C2515,29
C2753,15
C4116,33
C4115,0
C3993,7
C3980,15
C3803,22
C4147,12
C4120,19
C4119,4
C2511,7
C4007,14
C4148,15
C4160,5
C4052,10
C4223,21
C2648,44
C3985,0
C3987,15
C3986,14
C4003,14
C4004,0
C3997,2
C3981,12
C4009,7
C4002,0
C4079,5
C4078,0
C4080,19
C3992,28
C4008,31
C3998,4
C4010,5
C3994,20
C3996,22
C4011,44
C4005,25
C3813,14
C3733,26
C3743,73
C4117,25
C4208,15
C4217,6
C4209,24
C4207,0
C4118,9
C3704,23
C3835,29
C3995,22
C3711,15
C3797,22
C3705,12
C3765,0
C3712,22
C3778,22
C3710,28
C3820,4
C3732,22
C3706,1
C3731,36
C3707,0
C3834,30
C3676,2
C3777,34
C3708,13
C3991,25
C4033,23
C4034,35
C3905,35
C3810,15
C3873,17
C3792,33
C3799,2
C3838,11
C2389,0
C2429,11
C2647,0
C2679,27
C2680,1
C3979,35
C4050,0
C4224,0
C4127,11
C3661,26
C3656,37
C3660,13
C3658,0
C3659,0
C3657,15
C3655,13
C3674,4
C3675,13
C3713,11
C3673,7
C4173,19
C4172,5
F0083,20
F0055,34
C3128,21
C3401,29
C3555,0
C3908,16
C3909,11
C1175,25
C1176,45
C1177,21
C4058,35
C4235,49
C4186,6
C4185,17
C3421,23
C4056,22
C4070,19
C1194,218
C1202,219
C1199,218
C1195,197
C1196,211
C3440,7
C3576,23
C4048,31
C4167,6
C4143,0
C3443,1
C3444,2
C3498,32
C3442,26
C3519,5
C3423,38
C4042,34
C3419,37
C4164,1
C4163,23
C4162,22
C4158,24
C3436,6
C3441,16
C3422,0
C3454,28
C4141,27
C4041,4
C3420,7
C3651,25
C3652,8
C3392,30
C3343,15
C3342,18
C4085,8
C3289,0
C4203,10
C4204,3
C4039,23
C4038,31
C1201,206
C1204,31
C1203,18
C3552,0
C4222,1
C4166,21
C2762,44
C4237,5
C4188,20
C4190,21
C4205,19
C4192,40
C4189,15
C4193,23
C4236,25
C4215,25
C3846,22
C4040,0
C3845,28
C4220,18
C2226,0
C2227,0
C2228,20
C3875,27
C3874,27
C4012,38
C4234,28
C1215,149
C1216,216
C1217,207
C1218,219
C1219,209
C3802,19
C1225,912
C1224,25
C1226,926
C1228,28
C2599,24
C1231,921
C1229,9
C2597,32
C4121,7
C4105,27
C4214,23
C3230,0
C3258,28
C1234,150
C3051,26
C1236,212
C3400,9
C3647,0
C1253,225
C1260,432
C3880,9
C3604,0
C3679,0
C3678,18
C3662,36
C1276,361
C1274,338
C4241,11
C4239,11
C4240,15
C1282,418
C3446,3
C3451,6
C3329,20
C3327,18
C3328,0
C3033,0
C2918,18
C3372,17
C3790,25
C3789,25
C3592,27
C3593,28
C3594,28
C3842,19
C1295,25
C1307,437
C3889,36
C3903,38
C1325,29
C3872,15
C1866,24
C3852,15
C3887,33
C3475,16
C3855,1
C3851,29
C3677,16
C1353,19
C3977,22
C3976,37
C4028,4
P3135,8
C4030,22
C4029,31
C2787,20
C2946,18
C4103,33
C1386,582
C1382,579
C3735,33
C3736,20
C3734,22
C3737,36
C3766,10
C3970,21
C3969,21
C3968,14
C3030,0
C3031,18
C2533,25
C2534,0
C2394,9
C3884,29
C3883,22
C3666,24
C3665,11
C3681,23
C3788,14
C3740,216
C3739,216
C3741,199
C3742,2395
C3947,14
C3946,4
C4093,41659
C4146,0
C4144,37
C4145,15
C3935,9
K2023,1
C3110,18
C1415,478
C4049,18
C4092,15
C3848,0
C4001,30
C3999,25
C3975,14
C4000,16
C4096,23
C4097,1
C3892,50
C3891,0
C4025,0
C4051,38
C3942,3
C4083,0
C4026,12
C4136,8
C4184,0
C3798,0
C1447,0
C1448,17
C1449,14
C3072,0
C3071,10
C3990,0
C1454,15
C1455,18
C3906,39
C1456,24
C1458,26
C3701,3
C2340,0
C3488,32
C3410,8
C3399,25
C3456,3
C1468,179
C3668,19
C3667,42
C4091,18
C3439,19
C4020,0
C3814,13
C1515,19
C1529,3
C1531,0
C1868,43
C1867,18
C1836,30
C1871,20
C1872,37
E0761,7
E0762,1
C1869,10
C1870,10
C0174,13
S0052,35
C3431,32
C4123,30
C4125,4
C4122,16
C4124,31
C4230,10
C2273,0
C3245,7
C4139,35
C4140,19
C1572,0
C3812,18
C3811,21
C3971,14
C3921,27
C4019,0
C3988,6
C3950,19
C3850,19
C3972,49
C1575,0
C1574,20
C1573,0
C3603,8
C3840,0
C3928,26
C3839,12
C3752,23
C3753,26
C3759,31
C3748,32
C3751,7
C3756,12
C3762,4
C3763,0
C3755,28
C3757,21
C3761,4
C3758,1
C3749,36
C3760,25
C3750,13
C3754,25
C3956,34
C3958,0
C3957,2
D2320,18
M1254,85
M1256,76
M1253,677
G0264,1155
G0265,427
D0566,764
D0567,391
S2539,958
D0562,182
D0565,1986
D1434,20
P0836,0
D1286,21
D0919,12
S2540,9
D1639,0
D1402,6
D1403,20
D1571,3
D1507,27
D0991,32
D1162,1
D2301,15
D2394,34
D2445,0
D2119,28
D0039,0
D1048,29
D1715,30
D1456,4
D2499,6
D2368,9
D2548,30
D2429,15
D2369,15
D2437,0
D2438,14
D2439,31
D2428,37
D2218,33
D1208,20
D0987,26
D1033,5
D1035,29
D1034,4
D1044,34
D1042,27
D1108,16
D1043,1
D1323,25
D1247,27
D1146,10
D1046,14
D1045,0
D1047,34
D1241,0
D1242,13
D0988,17
D0989,33
D1038,17
D1093,0
D1040,0
D1039,20
D1037,12
D0040,26
D1041,16
D1190,2
D1246,0
D2235,32
D2496,0
D1036,5
D2323,13
D1147,13
D2322,20
D0990,29
D1240,38
D1243,38
D0042,19
D2370,0
D0043,26
D2494,28
D2495,13
D2493,11
D2223,6
D2205,11
D0048,46
D0049,50
D0046,681
D0045,677
D1670,0
D2180,22
D0050,2
D0051,31
D2413,4
D2414,31
D0047,1
D0044,5
D1643,19
D2340,20
D2450,0
D2331,17
D2457,23
D2458,0
D2456,20
D2097,45
D2098,9
D2096,25
D2095,20
D2441,0
D2440,0
D2334,29
D1801,9
D2219,20
D0971,30
D0089,197
D0090,161
D1352,0
D2329,12
D2328,36
D2251,10
D2252,15
D0095,737
D0097,448
D1365,23
D0096,422
D0099,16
D0101,221
D0100,203
D0102,193
D0104,772
D0105,741
D0106,795
D0108,31
D0111,458
D0110,48
D0112,10
D0115,179
D0113,11
D1350,22
D2351,12
D2350,36
D0118,433
D0119,451
D0120,438
D0122,383
D0123,449
D1357,23
D0124,8
D0125,25
D1356,18
D0126,181
D0127,204
D0973,39
D2186,4
D2185,25
D2236,8
D2114,20
D2203,24
D2237,22
D2324,40
D1783,29
D2393,0
D2392,35
D2267,24
D2265,50
D2535,12
D2268,29
D2266,2
D1351,0
D1436,37
D2332,17
D2337,0
D1784,0
D2182,9
D2181,31
D2362,16
D2361,16
D1823,43
D1819,15
D2104,19
D2366,1
D2367,3
D1618,14
D1617,0
D2090,12
D2342,0
D0202,439
D0203,442
B0513,0
B0514,11
D2152,26
D2151,6
D2307,3
D1896,37
D2130,1
D2105,13
D1861,25
D2475,22
D2477,12
D2476,19
D2478,15
S4060,4
S2751,418
D2423,0
D2422,42
D2298,31
D2299,9
D2055,22
D1877,22
D2411,0
D2410,13
D0291,0
D1557,42
D2083,7
D1893,17
D2084,31
D1921,28
D1923,3
D1922,33
D0943,10
D0942,25
D2234,13
D0945,0
D0944,11
D1697,0
D1711,0
D1264,22
D1266,29
D0239,449
D0240,455
D0241,435
D0242,24
D0243,0
D0244,0
D0245,27
D0250,420
D0251,427
D0252,405
D0253,447
D0258,186
D0259,209
D0260,179
D0254,175
D0255,205
D0256,231
D0257,23
D0261,28
D0246,19
D0247,20
D0248,0
D0249,0
D1816,7
D2431,13
D2432,14
D2208,36
D0305,349
D2163,45
D1812,10
D1732,19
D2244,21
D2053,26
D2054,40
D2127,26
D2126,18
D1813,13
D1296,19
T0521,518
D0930,25
D1671,16
D1305,19
T0526,204
D0985,8
D2169,32
D1290,5
D1340,14
T0524,217
D1363,30
D2168,19
D2167,0
D1850,0
D1972,13
D1851,0
D1238,4
D1293,25
D2390,27
D2444,32
D0954,13
D1388,24
D2232,29
D0356,586
D0347,20
D0359,570
D0350,0
D0349,21
D0351,42
D0358,468
D1716,3
D1717,31
D1745,3
D2239,2
D0952,24
D2143,15
D2530,2
D2531,0
D1744,26
D2072,0
D2071,8
D2148,9
D2228,21
D2229,12
D2230,25
D2109,0
D2538,1
D2396,36
D2398,14
D2336,1
D0430,18
D1178,24
D0431,23
D0432,28
D1364,0
D1239,28
D1117,3
D1119,6
D1118,11
D1121,7
D2452,13
D0436,0
D0435,21
D0437,1
D2507,38
D2508,15
D2505,19
D2131,1
D2486,29
D0424,34
D2395,23
D2397,25
D0433,18
D2117,8
D2133,3
D2132,5
D0444,6
D2101,13
D2102,39
D0445,0
D2100,1
D2099,19
D0449,4
D0448,51
D0446,39
D0447,0
D2118,29
D0453,14
D0454,6
D0456,15
D0457,38
D2549,36
D2159,23
D2125,6
D2124,0
D2377,13
D2376,2
D0418,3
D0434,24
D1120,27
D1204,0
D2241,19
D2242,22
D2417,12
D0464,0
D1609,19
D0468,6
D1317,0
D1219,21
D2421,27
D0470,222
D1106,28
D0466,217
D1220,29
D0461,10
D1607,19
D0465,17
D0469,10
D1218,8
D2419,0
D0471,226
D1107,23
D0467,206
D1221,8
D2409,17
D2358,4
D1990,1
D1916,27
D1989,0
D1915,24
D1991,1
D1992,19
D0480,431
D0481,15
D1712,29
D1217,10
D1071,0
D2269,22
D2270,10
D1637,23
D2346,19
D2153,29
D0487,2
D2062,41
D2069,11
D2070,0
D2068,16
D2157,44
D2155,23
D2154,7
D2156,14
D2065,3
D2067,31
D2066,37
D2106,0
D2327,39
D2415,0
D2318,19
D2325,14
D2317,35
D2326,33
D2308,15
D2292,35
D2282,5
D2294,2
D2281,1
D2293,17
D2280,0
D2291,30
D2279,26
D2278,21
D1516,2
D1705,0
D1899,0
D1940,26
D1875,27
D0545,181
D1623,30
D1927,0
D1624,26
D2193,6
D1894,31
D0548,171
D1822,15
D0549,148
D1852,11
D2338,23
D2341,0
D2479,4
D2297,0
D0553,4
D2418,30
D0555,17
D0554,19
D0551,386
D2122,9
D1292,23
D2123,0
D2162,6
D0559,20
D2094,0
D2387,30
D2026,9
D2389,28
D2388,26
D2224,0
D2063,16
D2064,1
P0714,211
P0717,28
D1475,32
C1495,438
D1756,0
D2371,14
D1799,5
D1798,19
D2373,33
D2372,31
D2382,0
D0594,197
D0595,941
D0596,458
D1748,0
D2375,20
D1755,0
D1754,37
D2374,21
D1752,5
D1753,5
D2077,32
D1750,4
D1483,35
D1484,20
D0608,570
D1150,0
D2187,0
D2184,11
D2194,0
D2188,22
D2315,3
D2316,5
D2078,9
E1668,0
D2426,7
D2427,0
D2014,12
D2212,30
D2210,15
D2211,6
D2290,3
D2216,29
D2215,23
D2253,32
D1128,13
D1129,17
D1696,36
D2056,17
D2076,13
D2449,21
D2517,41
D2519,15
D2518,0
D2532,29
D2533,32
D0564,20
D2164,15
D2108,14
D2032,1
D1967,14
D2201,19
D2220,16
D2198,9
D2199,16
D2221,27
D2137,5
D2200,19
D2161,0
D2082,15
D2142,7
D2516,0
D1987,1
D2144,2
D2145,1
D2514,0
D1926,32
D2001,12
D1999,30
D2002,22
D1998,2
D2222,0
D1735,19
D2115,8
D1538,45
D1758,40
D1535,0
D2140,21
D2138,11
D2141,26
D2139,21
D2160,0
D2166,10
D2147,4
D2523,2
D2000,3
D2295,27
D2296,2
D2189,36
D2052,18
D2128,28
D2129,0
D1924,19
D1925,9
D2513,20
D2468,0
D2512,21
D2031,10
D1976,7
D2436,0
D2511,12
D1338,11
D2547,10
D2469,18
D2536,0
D2537,16
D2492,18
D1729,29
D1728,36
D1993,20
D2546,25
D2401,15
D2313,24
D2312,21
D2311,25
D2314,1
D2490,10
D2488,4
D2506,4
D2528,0
D2430,9
D2485,24
D2483,3
D2509,11
D2402,13
D2356,35
D2355,17
D2386,30
D2347,0
D2472,22
D2550,17
D2474,46
D2466,39
D2467,45
D2470,34
D2484,4
D2481,0
D2405,15
D2404,25
D2425,4
D2420,9
D2433,10
D2545,15
D2473,0
D2491,8
D2482,21
D2510,26
D2348,30
D2487,27
D2349,3
D2357,40
D2385,15
D2529,8
D2255,1
D2247,1
D2330,0
D2249,24
D2264,5
D2248,40
D2250,0
D2254,11
D2489,22
D2471,10
D2465,22
D2504,10
D2339,6
D1604,20
D1605,30
D1581,0
D1582,8
D0721,29
D0723,21
D2149,0
D2165,22
D2134,0
D2087,0
D2086,4
D2085,31
D2091,20
D0731,2
D0732,30
M1329,24
M1330,23
M1331,3
D2381,16
D0736,38
D2380,15
D2335,15
D2060,12
D2061,25
D2059,19
D1802,17
D2233,27
D2019,19
D2333,0
D2302,13
D2035,2
D2075,21
D2206,18
D1855,14
D2034,19
D2058,0
D2080,5
D2081,0
D2079,0
D2202,27
D1853,27
D2204,36
D1889,38
D2107,38
D2049,17
D2051,5
D2195,7
D2048,6
D1859,0
D2006,1
D2088,0
D2146,3
D2057,25
D1854,1
D2207,25
D1858,15
D2183,20
D1860,25
D1857,8
D2005,12
D1869,9
D1870,16
D1871,0
D1883,42
D1887,13
D1884,10
D1886,6
D2197,21
D2196,1
D2225,0
D2226,35
D1882,18
D2462,14
D2461,10
D2460,14
D2463,30
D1885,28
D1872,1
D1929,30
D2451,0
D2497,2
D2454,22
D2498,18
D2455,28
D2534,18
D2170,20
D0799,27
D2443,0
D2403,14
D2310,5
D2503,28
D2178,21
D2243,0
D2309,24
D2502,32
D2276,32
D1804,37
D2036,20
D2136,7
D2135,2
D0802,1
D1733,19
D1490,5
D1759,21
D2275,25
D2354,29
D2263,34
D2283,48
D2408,4
D2175,1
D2093,26
D2321,20
D2171,9
D2209,46
D2262,9
D2407,19
D2277,18
D2363,25
D2480,17
D1796,0
D2173,0
D2176,6
D2379,2
D2284,0
D2543,21
D2344,13
D1954,3
D1874,10
D2038,41
D1868,0
D0824,70
D2259,0
D1514,40
D2384,32
D2260,39
D2360,39
D2285,0
D2378,38
D2406,21
D2287,18
D2353,16
D2525,16
D2261,5
D1795,0
D2286,17
D2174,0
D2172,2
D2273,10
D2364,28
D2274,27
D2539,16
D2541,32
D2542,0
D1973,0
D1810,31
D2258,39
D2257,1
D1814,0
D2305,42
D2416,1
D2289,7
D2383,0
D2524,34
D2288,0
D2352,5
D2544,0
D2213,0
D2214,35
D2400,16
D2399,0
D2464,3
D2179,21
D2412,0
D2272,0
D2256,0
D2453,0
D2365,15
D2240,17
D2150,27
D2303,14
D2192,1
D2191,0
D2089,14
D2029,8
D2442,38
D2044,46
D2120,13
D2121,18
D2345,20
D2306,0
D2217,40
D2424,22
D2245,22
D2271,26
D2304,0
D1983,14
D2037,9
D2540,13
D2343,17
D2177,30
D2103,22
D2446,11
D2447,15
D2459,17
D2448,0
D2158,20
D2238,0
D1879,39
D1880,16
D2359,0
D1881,25
D2435,2
D2434,12
D2116,3
D2073,0
D1726,37
D1103,28
D2319,36
D0884,436
D0889,28
D0926,4
D1104,0
D2111,17
D2110,0
D2112,29
D1102,22
D2113,35
D0893,2
D2246,17
D0906,356
D1778,16
D1777,16
D2028,0
E1545,0
E1601,15
E1217,0
E1017,21
E1590,25
E1598,5
E1600,23
E1596,27
E1591,0
E1593,27
E1602,2
E1595,23
E1597,18
E1592,21
E1594,20
E1542,0
E1661,29
P4114,23
E1484,15
E1483,35
D0897,0
M0233,25
P1160,1161
P1161,1145
E1599,2
E0045,437
E0047,9
E0048,24
E0049,346
E0052,352
E0053,27
E0054,30
E1556,29
E0055,35
E0056,18
E0057,356
E0063,452
E1565,10
E1549,20
E1307,35
E1607,26
E1543,30
E1153,22
E1184,48
E1392,26
E1152,7
E1544,4
E1151,44
E1391,26
E1609,15
B0517,20
E1546,87
E1547,20
E1629,1
E1628,20
E1630,10
E0116,223
E0107,209
E1529,0
E0113,200
E0098,0
E0102,32
E0109,21
E1242,17
E0118,33
E0999,9
E0898,17
E0100,1
E0104,5
E0111,14
E1243,0
E0120,10
E0124,6
E0984,16
E0097,10
E0101,14
E0108,51958
E1241,0
E0117,31
E0974,4
E0121,1
E1588,21
E1397,23
E1557,0
E0157,20
E0159,1
E0158,0
E0809,16
E0799,0
E0808,27
E0828,18
E0779,10
E1615,12
E0730,29
E1535,15
E0929,35
E1534,21
E0187,3
E0191,33
E0192,2
E0193,20
E1558,6
E1561,22
E1560,28
E1559,13
E1608,9
K0994,41
E1014,43
E0201,25
E0213,20
E1548,0
E0214,27
E0215,16
E1443,12
E1531,1
E1532,9
E0233,39
E1521,1
E0237,29
E0774,8
E0260,439
E1088,25
E0254,22
E0255,9
E0250,192
E0251,233
E1487,12
E1486,39
E1072,19
E0258,19
E1073,26
E0256,18
E0259,0
E0262,465
E0263,0
E1104,10
E0264,442
E0265,0
E1186,30
E0780,9
E0273,207
E0267,0
E0271,1
E0777,2
E1663,17
E1611,50
E1612,5
E1581,14
E1582,23
E1552,27
E1410,25
E1411,27
E0291,443
E0973,14
E1218,0
E1219,28
E1554,29
E1555,32
E1063,21
N0953,23
E1580,25
E1579,14
E0296,4
E0298,18
E1631,10
E0297,0
E0299,38
E1005,35
E1006,38
E1007,8
E1576,21
E0807,0
E0328,1
E1302,32
E1296,157
E0758,13
E1300,0
E1299,10
E0305,0
E1303,31
E1295,46
E0330,1
E1301,0
E1298,34
E0313,8
E1304,1
E0331,19
E1297,10
E0319,32
E0320,0
E0315,35
E0321,19
E0322,34
E0332,23
E0327,23
E0326,450
E0324,33
E1620,12
E1622,6
E1625,32
E1619,8
E1623,0
E1626,30
E1618,22
E1621,20
E1617,21
E1624,3
E0778,32
E1643,18
E1610,37
M1428,427
E1170,21
M1429,465
E1583,11
E1586,13
E1587,0
E1585,4
E1584,12
E1655,37
E1667,23
E0850,0
E0936,0
E0909,26
E0849,11
E1613,8
E1653,20
E1652,32
E1651,8
E1650,19
E1368,13
E1654,2
E1659,2
E1660,11
E0856,21
E0937,15
E1656,12
E1658,1
E1657,11
E1195,14
E1196,46
E1197,23
E1199,6
E1198,33
E1277,19
E1276,0
E1275,36
E0066,13
E1636,25
E1633,32
E1635,12
E1632,46
E1634,30
E0384,14
E0378,179
E0379,210
E0380,17
E0349,206
E0352,19
E0381,41
E0382,8
E0383,29
E0392,23
E0393,31
E0396,219
E0364,189
E0369,21
E0394,227
E0395,42
E0398,28
E0397,211
E1604,11
E1675,16
E0858,0
E0857,28
E1603,12
E0853,32
E0927,28
E0855,21
E0891,26
E0890,322
E1159,32
E1158,38
E1157,14
E1538,20
E1537,7
E0860,9
E0859,22
E0861,24
E1640,17
E1156,2
E1155,28
E1154,9
E1644,30
E1639,25
E0852,19
E0910,6
E0851,15
E1638,7
E0928,2
E0864,24
E0911,23
E0865,19
E0863,1
E1641,35
E1642,41
E1605,31
E1215,82939
E1214,3
E1190,21
E1606,9
E0400,387
E1536,9
E0402,0
E0403,33
E1553,19
E0407,6
E0406,34
E0408,27
E1578,0
E1589,27
E1266,11
E1085,0
E0945,0
E1251,0
E1250,42
E1200,0
E1539,24
E1571,0
E1567,4
E1566,13
E1570,26
E1569,2
E1574,0
E1271,15
E0429,26
F0119,6
F0122,15
E1673,11
E1670,26
E1671,16
E1674,40
E1672,35
E1669,27
E0432,199
E0431,213
E1646,8
E1647,15
E1645,19
E0436,12
E0437,17
E1572,22
E1573,27
E1614,0
E1285,19
E1577,36
E1550,10
E1533,26
E1413,35
E1414,7
E1412,42
E1616,31
E1527,22
E1648,0
E1649,28
E1662,1
E1551,8
E1665,5
E1666,14
E1664,0
E0680,3
E1575,1
E1278,18
E1563,11
E1562,12
E1564,0
E1465,6
F1026,0
F1025,21
F1072,0
F1071,17
F0009,32
F0011,28
F1246,38
F1366,2
F0755,29
F0864,7
F0953,25
F0798,23
F0776,20
F0041,29
F0027,0
F1076,8
F0862,16
F1091,25
F0005,6
F0065,12
F1335,3
F1286,28
F1358,22
F1359,5
F1162,42
F1275,18
F1118,0
F1119,16
F1351,27
F0751,16
F1320,16
F1321,0
F1260,0
F0170,196
F0171,205
F0173,21
F0174,206
F0175,194
D0077,11
F0188,214
F0211,215
F0584,35
F0135,1
F1247,17
F0125,198
F1256,13
F0132,415
F1290,31
F1373,18
F0128,440
F1080,17
F0130,457
F0832,5
F1259,13
F1258,8
F1281,15
F1280,29
F1284,0
F1292,13
F1257,3
F1262,43
M3476,27
M3478,21
F0140,209
F0138,188
F0139,178
M3477,9
F1126,47
F0162,1
F1263,11
F1299,4
F0163,15
F1142,0
F0946,0
F0229,170
F0231,457
F1354,11
F0253,977
F1283,28
F1310,21
F1282,19
F1356,25
F1367,20
F0282,227
F0281,172
F0283,99
F0284,93
F0285,40
F0286,451
F0796,19
F0795,3
F0291,697
F0307,772
F0297,0
F0296,541
F0633,15
F0306,555
F0305,569
F1381,7
F1383,9
F1382,31
F1374,10
F1375,23
F1240,4
F1243,5
F1245,15
F1242,26
F1244,16
F1357,5
F1241,0
F0646,5
F0901,0
F1324,46
F1323,13
F1325,24
F1348,19
F1347,17
F1377,0
F1046,0
F1332,24
F1333,11
F1364,8
F1047,32
F0331,8
F1353,6
F1363,19
S1354,89
F0373,32
F0372,23
F0368,15
F0370,22
F0371,34
F0369,10
F1264,13
F1267,32
F1266,5
F1265,34
G0255,27
F0376,28
F0377,0
F1277,13
F1294,12
F0382,0
F1293,16
F1224,0
F1327,13
F1328,35
F0392,0
F0400,19
F1279,0
F0390,926
F0399,28
F0391,4
F0393,932
F1287,22
F0402,12
F0403,15
F1308,0
F1309,12
F0700,10
F1291,1
F1365,13
F1288,12
F1289,30
F1274,18
F1295,9
F0385,32
F0386,44
F0405,28
F0406,0
F0407,17
F0813,5
F0812,24
F0417,454
F1278,5
F0418,25
F0419,47
F0859,22
F0973,0
F1181,19
F1319,6
F0924,0
F0974,22
F0923,23
F0426,37
F1048,15
F0430,203
F0434,173
F1137,17
F1285,11
F1270,23
F1311,13
F1371,1
F1298,24
F1352,7
F0917,17
F1235,14
F0445,19
F0446,4
F0453,462
F0454,450
F0595,17
F0765,28
F1036,37
F1038,15
F1037,23
F1039,29
F0794,8
F0791,8
F0793,21
F0449,1418
F0450,1375
F0451,1393
F0708,4
F0452,1386
F0913,11
F0916,28
F0914,13
F0915,21
F1268,36
F1269,19
F1338,23
F1336,36
F1339,30
F1337,6
F0792,0
F1369,30
F1368,22
F1304,12
F1302,1
F1303,48
F1054,25
F1141,11
F1055,2
F1056,15
F1057,33
F1261,14
F1355,25
F0964,43
F0963,33
F1012,20
F1005,0
F1007,18
F1004,13
F0999,35
F1000,4
F1003,0
F1001,31
F1013,0
F1008,3
F1006,26
F0996,26
F0998,1
F0994,12
F0992,0
F0995,20
F0993,24
F0997,8
F1011,2
F1010,0
F1376,26
F0674,34
F0489,202
F0490,223
F0491,201
F0492,222
F0493,200
F1316,0
F1344,0
F1345,21
F1346,15
F1317,0
F1343,16
F1372,23
F1318,1
F1349,23
F1350,22
F1341,37
F1330,9
F1370,27
F1331,4
F1249,29
F1250,15
F1251,0
F1253,23
F1252,37
F0500,5
F0504,416
F0501,9
F0503,20
F0502,4
F1152,0
F1151,21
F1153,21
F1198,12
F1378,27
F0780,0
F0781,31
F0833,34
F1276,0
F0779,8
F0834,0
F0510,433
F0511,445
F0822,9
F0512,450
F0518,449
F0824,7
F0519,456
F0520,10
F0816,28
F1300,4
F1301,12
F0539,4
F0536,377
F0538,390
F0537,345
F0541,0
F1116,5
F1334,22
F1362,27
F1360,35
F1361,12
F1326,25
F1306,11
F1305,9
F1273,8
F1272,1
F1271,12
F0666,28
F0977,21
F0976,29
F0978,38
F1255,13
F1254,6
F1340,15
F1379,5
F1380,26
F1322,34
F1342,0
F1237,17
F1238,24
F1239,6
F1236,0
F0561,2
F0562,33
F1314,33
F1312,13
F1313,25
F1296,15
F1297,0
F1315,21
F1329,0
F1307,16
G0003,22
G2644,0
G2614,23
G1963,8
G1914,0
G1918,5
G1818,13
M0451,973
G2670,19
G1970,33
G2669,5
G1920,5
G1971,17
G2075,30
G2076,0
G2078,16
G0032,21
K0970,594
K0971,41
K0974,0
G0099,106
G0100,187
G0101,81
G0925,28
G2556,23
G2554,27
G2555,18
G0124,21
G0125,20
G2583,16
G0117,134
G0118,111
G0122,0
G1196,2
G1167,24
G1197,36
G1719,22
G1718,3
G1754,27
G0150,32
G2574,0
G2702,4
G2701,9
G0161,0
G0163,5
G2703,14
G2394,30
G0172,449
G0171,465
G0173,448
G0174,203
G0175,757
G2683,11
G2684,13
G2208,22
G2573,23
G2704,33
G2687,21
G2721,22
G2679,11
G2678,19
G2680,0
G2577,15
G2579,12
G2578,25
C3844,14
G2589,18
G2588,0
G1065,446
G0258,28
G2650,30
G2648,16
G2649,20
G2535,8
G2494,11
G2526,1
G2635,30
G1872,8
G2748,880
G2736,28
G2737,8
G2633,31
G2653,16
G2666,20
G2652,7
G2630,5
G2632,4
G2658,37
G2659,4
G2726,10
G2725,18
G2662,29
G2667,36
G2661,9
G2660,37
G2676,4
G2771,18
G2738,13
G2739,0
G2772,14
G2479,23
G2673,19
G2515,29
G1934,27
B0836,354
G1444,567
G1426,26
G0280,985
G0282,559
G0283,369
G0284,338
G0286,1549
G0281,444
B0835,162
G0287,988
G0288,961
G0290,1184
G1871,3
G0295,8
G0293,768
G0289,1963
G1396,28
G0294,407
G2411,34
G0300,25
G0301,19
G1944,26
G2575,30
G1195,5
G2551,25
G2492,0
G2372,16
G0304,15
G2428,18
G2426,13
G0320,14
G0323,12
G2391,0
G2392,20
G0326,219
G0334,169
G0335,0
G0342,197
G2709,8
G2708,6
G2707,34
G2706,2
G2705,21
G2710,25
G2711,32
G2712,5
G2730,21
G2685,18
G2538,11
G2536,7
G2537,0
G0359,207
G0360,197
G2603,20
G2601,25
G2602,10
G2604,4
G1601,33
G1599,39
G1600,25
G1598,28
G2427,43
G2429,15
G2686,2
G2569,35
G2763,27
G2568,15
G2691,8
G1501,29
G0361,64
G2733,14
G2735,27
G1502,34
G0362,191
G2734,27
G1512,31
G0365,12
G1511,27
G0366,9
G0363,225
G0367,24
G0364,1
G0368,31
G0371,195
G1514,44
G1513,1
G0372,175
G0369,184
G0373,204
G0370,212
G0374,211
G0376,32
G0377,220
G1380,20
G0379,34
G0380,6
G0381,189
G1381,34
G0382,28
G1382,10
G0383,202
G1442,24
G0384,6
G0386,0
G0387,219
G1441,9
G2641,45
G2608,9
G2606,2
G2605,33
G2607,19
G1156,32
G1209,33
G1158,13
G1172,11
G1781,7
G0397,207
G0398,190
G0399,220
G1157,33
G1782,28
G2600,0
G0395,203
G0391,220
G0309,214
G0311,190
G0312,206
G0314,182
G1991,0
G1990,25
G0315,232
G0317,179
G1962,0
G1961,47
G1989,5
G2580,18
G2545,40
G2546,0
G2548,18
G2547,32
G0401,213
G0400,203
G0402,2
G0403,191
G0405,198
G0404,217
G0406,200
G0408,211
G0407,212
G0415,4
G0416,0
G0417,25
G0410,26
G0409,17
G0411,9
G0412,213
G0414,179
G0413,213
G2430,14
G2431,21
G2564,14
G2085,12
G2003,13
G2189,88853
G2417,33
G2664,5
G2617,11
G2572,0
G2677,15
G2212,31
G2742,22
G2570,21
G2636,16
G2740,0
G2665,21
G2688,13
G2455,30
G2642,0
G2643,0
G2689,22
G1877,0
G2549,98
G2499,39
G2550,88
G2741,36
G0426,9
G0427,0
G0428,12
G2674,5
G1867,0
G2563,10
G2615,11
G2616,17
G2256,17
G0444,905
G1780,14
G1587,31
G1724,42
G0446,78
G2406,16
G0440,1
G0441,15
G2405,35
G1952,16
G2663,22
G2692,17
G2693,3
G2631,30
G2205,10
G1216,3
G2671,15
G2204,26
G2190,30
G1699,17
G2694,36
G1365,32
G2493,23
G2681,32
G2582,10
G2581,39
G2672,9
G2377,17
G2382,1
M0015,698
G2380,9
G0449,666
G1479,0
G1222,15
G1519,10
G1498,7
G2247,29
G0451,373
G2484,0
G2755,11
G2773,34
G2398,0
G0461,177
G0462,183
G0464,165
G2357,17
G2765,6998
G2766,10
G2717,39
G2718,27
G2180,17
G2720,28
G0488,195
G0494,206
G0502,200
G0501,417
G0503,373
G0507,35
G2719,32
G0514,13
G0513,177
G0515,17
G2517,0
G2560,0
G2690,2
G2716,16
G2559,38
G2714,19
G2558,4
G2722,24
G2715,3
G2502,0
G0520,32
G2527,0
G2330,6
G0611,28
G0612,41
G0616,37
G0613,1382
G0614,1400
G0615,1427
G1851,30
G2639,9
G2584,30
G2609,35
G1416,10
G0621,96
F0322,23
G0696,205
G0697,162
G0695,219
G0698,212
G0694,216
G0691,194
G0692,215
G1809,22
G0693,222
G2618,23
G2612,35
G2611,1
G0700,223
G0702,205
G0699,205
G0689,210
G2491,0
G2171,5
G1264,7
G0707,210
G1250,31
G1247,9
G1249,3
G1561,21
G0708,198
G0709,218
G0710,204
G0711,200
G0706,196
G0718,454
G0719,452
G1383,10
G0720,425
G2768,45
G2769,25
G2770,7
G2767,22
G2759,27
G0723,207
G0724,212
G0725,204
G0726,204
G2090,26
G2165,21
D1627,9
G2093,31
G1275,17
G1274,1
G1272,1
G1273,32
G1276,9
G1277,23
G0741,21
G0742,8
G0744,205
G0745,19
G0746,8
G2508,25
G2510,28
G2509,15
G0755,452
G0757,452
G0756,432
G0758,457
G1415,10
G0786,11
G2758,24
G2695,29
G2682,0
G2727,3
G2728,4
G2764,15
G2184,22
G0801,577
G2697,5
G2698,18
G1892,0
G0814,12
G0815,13
G0627,25
G1721,1
G2557,17
G2590,3
G0827,180
G2250,41
G2252,7
G2749,34
G0842,469
G0843,0
G0845,163
G1779,10
G2351,26
G2187,12
G2640,15
G0853,16
G0852,29
G0854,0
G1359,7
G1813,26
G1478,13
G1814,28
G1357,10
G1812,24
G1358,36
G1815,0
G1309,14
G2534,0
G0892,20
G1503,27
G1504,42
G0894,35
G0893,29
G0895,17
G2593,20
G2598,14
G2489,41
G2528,6
G2597,20
G2533,14
G2576,44
G2529,28
G0897,461
G0896,412
G2751,7
G2532,6
G2530,16
G2750,24
G2531,25
G2519,3
G2520,3
G2522,16
G2525,28
G2523,28
G2524,27
G2521,12
G2619,27
G2610,37
G0966,209
G2596,9
G0964,207
G1797,23
G0963,192
G0965,201
G1662,24
G1659,10
G1998,10
G1999,10
G1661,7
G1660,1
G1898,16
G2500,1
G2501,6
G2613,35
G0969,14
G2774,9
G0970,460
G0971,215
G0974,594
G0973,597
G2116,8
G2321,30
G2110,0
G2159,5
G0976,17
G2379,23
G2729,10
G2512,14
G2514,4
G2513,26
G2511,23
G2356,4
G2651,23
M1217,20
G2634,0
G2626,7
G2743,21
G2646,23
G2744,1
G2745,16
G2638,30
G2637,26
G1037,460
G2456,15
G2323,1
G2586,39
G2585,1
G2592,24
G2591,43
G2760,8
G2775,13
G2746,13
G2761,13
G2542,0
G2541,14
G2540,21
G2544,12
G2543,16
G2567,0
G2565,14
G2566,0
G2539,6
G1066,15
G1067,17
G2657,0
G2753,15
G2752,28
G2656,15
G2497,32
G2624,25
G2629,4
G2625,0
G2654,2
G2496,34
G2655,24
G2620,17
G2623,10
G2731,17
G2732,22
G2754,22
G2622,0
G2498,0
G2375,24
G2378,2
G2621,0
G2675,12
G2594,8
G2628,14
G2645,0
G1080,929
G2668,15
G1079,932
G2747,30
G2696,88848
G1074,458
G1083,456
G1090,443
G1091,11
G2699,23
G2595,12
G2700,23
G2562,25
G2386,7
G2561,2
G2463,6
G2488,33
G1104,98
G1107,31
G1111,17
G2186,0
C1954,22
G2516,27
G2507,0
G2723,6
G2506,0
G2505,41
G2504,10
G2503,5
G2571,25
G2552,0
G1115,329
G2713,20
G2647,31
G1117,10
G2422,24
G2385,7
G1118,924
G1123,8
G1127,939
G2114,9
G1930,28
G2115,32
G1465,33
G2599,11
G1121,0
G1128,441
G1119,912
G1120,960
G2553,35
H0844,0
H1272,0
H1365,19
H1366,25
H1354,5
H1280,0
H1172,7
H1356,7
H1161,0
H1273,17
H1171,20
H1266,0
H1265,22
H1193,28
H0894,9
H0892,10
H0893,23
H1268,9
H0981,13
H0895,13
H0929,0
H1192,0
H0890,0
H0889,0
H0891,8
H1340,11
H1342,36
H1347,40
H1351,0
H1350,21
H0896,17
H1349,4
H1353,30
H1348,0
H1360,28
H1361,29
H1359,22
H1344,0
H1355,19
H1279,0
H1341,3
H0959,30
H0958,0
H0022,454
H1357,31
H1328,21
H1329,24
H1330,0
H1332,16
H1333,16
H1334,2
H1364,16
H1331,25
H0035,22
H1231,17
H1168,25
H1182,5
H1197,0
H1196,23
H1181,26
H1263,9
H0970,28
H0984,27
H0979,4
H1262,0
H1169,67
H0988,19
H1198,16
H1264,17
H1199,13
L0701,27
H0066,568
H1261,0
H1260,27
H1259,37
H1257,24
H1256,27
H1270,0
H1269,24
H1258,34
H1271,0
H0070,192
H0083,10
H1165,22
H1233,4
H0810,3
H0812,7
H1039,24
H0811,2
H1131,0
H1246,42
H1237,25
H1211,21
H1245,31
H1238,12
H1311,38
H1290,17
H1289,20
H1302,0
H1210,31
H1278,16
H1247,38
H1236,6
H1293,9
H1295,12
H1294,5
H0105,23
H0106,441
H1218,21
H1072,2
H1202,29
H0951,22
H1175,26
H0950,22
H1352,0
H1241,26
H1126,23
H1084,34
H1212,8
H0110,210
H1292,0
H1274,21
H1314,13
H1313,19
H1315,0
H1312,0
H1306,9
H0112,1427
H0113,18
H0114,21
H0973,15
H0118,30
H0119,1
H0121,0
H0123,20
H0125,43
H1310,29
H0124,41
H1309,0
H0126,5
H1224,13
H1207,30
H0129,20
H1144,3
H1142,26
H1204,3
H1205,35
H1227,6
H1206,20
H1116,27
H1176,85
H1363,0
H1335,37
H1336,9
H0188,209
H1362,10
H1162,24
H1163,24
H1164,24
H1177,0
H1178,14
H1267,19
H1296,8
H1339,0
G0119,20
H0625,26
H0658,2
H0757,4
H0840,12
H0228,15
H0229,61
H0227,21
H0841,0
H0624,30
H0962,33
H0238,23
H0239,9
H0875,0
H1059,19
H1061,0
H1060,15
H1065,32
H1063,23
H1064,2
H0749,7
H0748,10
H1200,0
H1201,16
H0245,942
H1180,14
H0248,14
H0249,0
H1076,16
H0698,9
H1226,7
H1343,9
H0244,38
H1194,21
H1140,4
H1075,35
H0701,10
H0250,32
H1255,33
H1159,3
H1160,6
H1250,7
H1275,12
H1248,18
H1249,0
H1183,25
H1187,24
H1188,23
H0804,16
H0803,23
H0805,17
H0816,18
H0833,2
H0817,7
H0815,0
H1184,20
H1189,20
H1185,26
H1186,19
H1286,0
H1291,13
H1232,6
H1217,5
H1235,29
H1219,2
H1229,7
H1301,30
H1216,21
H1234,4
H1215,15
H1220,23
H1221,9
H1287,24
H1285,11
H1242,30
H1244,34
H1307,0
H1308,17
H1203,0
H0255,11
H0257,0
H0256,21
H0258,22
H0259,22
H0260,0
H0262,16
H0263,16
H0264,19
H0772,20
H0770,20
H0265,29
H0266,34
H0267,25
H0268,0
H0269,18
H0270,24
H0271,31
H0272,0
H0273,18
H0274,33
H1158,26
H1148,11
H1147,29
H1053,43
H1157,34
H1300,12
H0280,194
H0281,223
H0282,216
H0614,5
H1154,18
H0847,19
H0289,433
H0288,404
H0290,466
H1179,21
H1170,828
H1243,0
H1239,1
H1297,0
H1253,25
H1277,42
H1240,34
H0762,15
M1311,35
H0302,0
H0789,36
K1132,22
H0585,13
H1254,20
H0313,18
H1230,0
H0954,18
H0308,0
H0307,19
H0310,30
H0885,23
H0309,31
H0924,18
H0312,13
H0311,15
H0322,14
H1208,34
H1209,26
H0318,16
H0319,16
H0321,10
H0323,19
H1252,8
H1225,0
H1191,34
H0324,0
H1190,32
H0315,0
H1195,0
H0325,34
H1228,0
H0320,9
H1213,0
H0316,5
H0304,12
H0317,17
H0305,46
H0314,0
H1317,45
H1316,36
H0326,33
H0303,10
H0306,0
H1223,9
H1166,0
H0643,0
H0332,40
H0333,19
H0352,16
H0355,986
H0356,198
H1338,1
H1337,2
H1358,0
H0367,312
H1345,0
H1305,29
H1284,10
H1304,1
H1346,29
H1282,0
H1288,19
H1298,11
H1299,14
H1281,23
H1283,0
H0394,414
H0395,461
H0396,463
H0397,428
H0846,0
H0398,202
H0399,0
H0401,214
H0402,214
H0403,479
H1276,13
H0405,448
H1046,0
H0408,192
H0391,158
H0410,441
H0409,6
H0412,463
H1251,18
H0615,12
H1173,0
H1174,28
H0902,0
H1119,0
H0901,33
H1118,5
H0905,27
H0900,34
H1120,32
H1122,37
H0836,23
H0759,22
H0758,14
H1018,23
H1033,0
H1034,0
H1035,32
H1049,1
H1041,40
H1017,31
H1019,18
H1325,0
H1323,30
H1322,0
H1324,25
H0919,41
H1326,40
H1318,7
H1327,20
H1320,11
H1321,5
H1319,24
C0286,27
C0287,47
C0285,22
C1502,1
I0004,227
I0006,63
I0005,436
I0007,48
I0008,691
I0009,1189
I0315,21
I0010,4
I0011,461
I0013,324
I0014,187
I0012,1153
I0320,0
I0319,1
I0316,38
I0015,213
I0017,29
I0018,441
I0019,0
I0025,220
I0026,227
I0027,439
I0024,195
I0318,190
I0029,189
I0031,204
I0321,238
I1099,29
I1097,22
I0044,26
I0049,417
I0059,441
I0061,437
I1082,27
I1081,0
I1059,0
I1060,14
I1093,17
I1040,60
I1041,66
I0169,20
I0158,4
I0159,0
I0162,0
I0164,16
I0167,207
I0165,18
I0166,28
I0172,16
I0930,17
I0537,15
I0538,24
I1020,23
I0927,10
I0985,22
I0928,18
I0800,18
I0641,41
I0177,23
I0178,31
I0180,18
I0186,11
I0185,0
I0184,453
I1029,7
I0190,1
I0191,10
I0192,43
I0194,23
I0195,26
I0196,38
I1072,9
I0198,29
I0199,32
I0201,15
I0203,37
I0204,1
I0205,14
S5325,3
I1075,23
I0207,2
I0890,31
I0323,29
I0322,6
I1064,50
I1063,35
I0325,1
I0208,33
I0970,30
I1074,30
I0969,34
I1050,18
I1051,0
I1102,0
I1101,30
I1100,29
I0556,28
I0273,18
I0274,14
I0277,38
I0276,2
I0278,31
I0286,467
I0287,453
I0288,445
I0289,25
I1109,1
I1108,11
I1107,1
I1106,50
I0281,1
I1105,21
I1071,2
I1026,21
I1023,18
I1024,17
I1070,17
I1039,15
I0943,428
I0938,22
I1103,30
I1057,0
I0001,773
I0333,744
I0785,33
I0786,18
I0340,775
I0341,15
I0841,26
I0350,784
I0351,789
I1065,7
I1080,33
I1068,37
I1067,10
I1047,20
I1104,4
I1066,24
I1076,9
I0343,774
I0344,6
I1077,2
I1079,31
I1078,27
I1095,4
I1069,4
I1073,10
I0356,216
I0366,0
I0367,41
I0368,3
I0369,185
I0370,447
I0371,468
I0354,27
I0355,3138
I0381,11
I0376,25
I0377,21
I0378,7
B0920,14
I0379,8
I0380,0
I0390,25
I0365,2
I0362,22
I0363,429
I0364,459
I0383,44
I0384,758
I0385,340
I1085,0
I1086,19
I1089,24
I1090,40
I0920,0
I0392,947
I0391,923
I0676,27
I0940,6
I0712,30
I0357,209
I0358,223
I0359,286
I0360,568
I0361,0
I0945,33
I0944,9
I0946,11
I1045,0
I1044,48
I1046,7
I1055,1
I1054,1
I1056,27
I1062,0
I1061,15
I1058,0
I1052,23
I1053,7
I1048,23
I0824,33
I0823,29
I0822,7
I0825,0
I0639,26
I0682,32
I0638,4
I0635,35
I0550,32
I0549,26
I0548,33
I0551,11
I0637,9
I0633,33
I0636,29
I0634,44
I0421,26
I0422,5
I1043,412
I0769,19
I0426,303
I0906,303
I0432,32
I0772,23
I0434,203
I0435,179
I0437,74
I1088,29
I0441,316
I0442,0
I0443,23
I0444,38
I0445,19
I1094,20
I1087,0
I0466,969
I1084,31
I1083,32
I0468,20
I1038,12
I1096,38
I1034,1
I0775,33
I1091,27
I1098,0
I0888,36
I1042,0
J0433,175
I0922,187
I1049,28
G0819,1
I1092,30
I0977,3
I0894,5
I0893,21
I0488,0
I0499,6
I0502,20
I0500,2
I0501,6
I0503,3
I0504,0
I0493,25
I0496,22
I0494,4
I0495,18
I0497,28
I0498,0
I1036,21
I1037,35
I1035,1
J1057,18
J1055,19
J1056,16
J0668,16
J1141,24
J0820,0
J0818,31
J0010,204
J0011,173
J0012,25
J0991,31
J0026,31
J1101,0
J0775,14
J0027,0
J0028,0
J0032,203
J0033,192
J0034,19
J0036,29
J0037,0
J0039,14
J1022,1
J1099,0
J1098,25
J1097,12
J1096,22
J1124,0
J1095,20
J1053,28
J1137,13
J1058,37
J1094,45
J1038,32
J1120,13
J1121,16
J1039,0
J1119,0
J1108,2
B4220,11
J1129,24
J1138,20
J0959,23
J0987,11
J1052,6
J1051,22
J1077,0
J1068,0
J1067,39
J1142,33
J0996,15
J1076,7
J0087,4
J0089,559
J0090,6
J0091,553
J1118,0
J1107,9
J0088,578
J0092,570
J1106,16
J0807,22
J1041,6
J1059,18
J1035,0
J0136,30
J1034,34
J1032,9
J1033,32
J1066,3
J0140,27
J0141,1
J0145,21
J0146,10
J0144,19
J0143,15
J0948,8
J0147,3
J0150,25
J1143,5
J1047,36
J1046,17
J1036,0
J0193,9
J0198,15
J1112,20
J0205,6
J0206,21
J0207,3
J0950,4
J1093,24
J0209,14
J0218,23
J0220,8
J0225,23
J0939,11
J0629,4
J0248,11
J0264,25
J0271,35
J0274,5
J0611,26
J0249,12
J0279,21
J0242,207
J1147,19
J0251,28
J0238,0
J0252,2
J1111,7
J0951,40
J0301,0
J1127,28
J0297,44
J0305,12
J0312,30
J0325,9
J0176,24
J0326,6
J0329,26
J0324,24
J0327,3
J1135,4
J1134,0
J1050,9
J1049,36
J1048,2
G1921,9
J1109,32
J0354,12
J1083,22
J1152,40
J1079,1
J1069,91
J1130,3
J1070,87
J1122,17
J1078,16
J1126,17
J1125,33
J1128,3
J1157,27
J1158,0
J0812,31
J1153,19
J1154,14
J0370,18
J0371,1158
J1105,0
J0372,24
J0374,8
J0373,8
J0375,40
J1150,20
J1043,10
J1042,4
J1156,15
J1155,1
J1151,29
P1147,1199
J0402,34
J0401,28
J0665,6
J0664,0
J0663,35
J1146,21
J1145,23
J1140,0
J1139,22
J1144,30
J1148,20
J1149,34
J1073,23
J1072,32
J1075,20
J1074,6
J1133,47
J1131,5
J1132,0
J1044,38
J1045,28
J1060,12
J1061,29
J1071,40
T0451,1962
T0453,33
T0450,137
J1110,26
J0416,19
T0454,87
J1123,28
T0452,179
J1104,26
J1102,25
J1103,8
J1001,12
J1081,4
J1082,27
J1054,6
J1080,4
J1065,0
J1063,30
J1064,24
J0566,32
J0614,5
J1062,18
J1100,27
J1136,16
J1114,24
J1117,11
J1113,31
J1115,21
J1116,23
J1087,31
J1092,30
J1084,5
J1086,33
J1088,5
J1085,28
J1089,31
J1091,10
J1090,0
K3143,12
K2546,49
K2378,202
K3183,17
K3476,36
L0123,30
K0004,18
K3277,0
K0007,18
K3184,42
K3103,35
K3089,204
K3090,196
K3092,208
K3091,216
K3356,15
K3357,3
K3405,4
K3451,11
K3491,22
K0059,32
K0058,13
K2106,1
K2107,11
K3125,36
K3124,12
K3340,13
K3341,0
K3338,14
K3339,5
K3418,0
K3512,0
K3181,1
K3190,25
K3189,35
K3314,19
K3315,20
K3213,30
K3118,0
K3117,47
K3313,0
K3346,25
K0070,214
K3262,22
K3261,2
K0073,0
K2472,21
K2309,16
K1630,5
K3502,8
K3310,0
K3123,33
K3115,2
K3116,20
K3057,0
K3113,39
K3169,35
K3173,22
K3172,13
K3171,20
K3170,0
K3447,20
K3146,413
K0120,364
K0121,27
K3260,12
K3486,1
K3343,25
K3446,21
K3206,17
K3084,22
K3333,26
K3151,11
K3205,3
K3493,22
K3161,41
K0129,45
K3129,13
K3156,11
K0126,7
K2696,2
K1480,30
K1481,5
K3182,25
K3162,17
K3163,28
K2051,5
K2050,82
K2468,26
K2469,18
K0140,441
S1511,2844
K0138,1
K0147,23
K0148,206
K0149,477
K0153,214
K0158,464
K3027,22
K3321,0
K3466,31
K3352,0
K3452,24
K3453,7
K2735,0
K2025,38
K2026,30
K2564,37
K2787,0
K1991,2
K1686,30
K2565,14
K2250,26
K2251,20
K1741,19
K3193,0
K3194,0
K3292,0
K3494,47
K3204,1
K3304,0
K3174,15
K3226,26
K1888,0
K2052,16
K3223,34
K3152,20
K2933,21
K3351,31
K3350,0
K2932,3
K3157,24
K3325,12
K3347,19
K3130,5
K3496,29
K3278,0
K3508,17
K3482,11
K0205,0
K0204,949
K3440,24
K3435,29
K3478,26
K3442,0
K3437,19
K3439,10
K3477,2
K3438,15
K3436,41
K1108,24
K1107,1
K1104,13
K1109,5
K1110,29
K3265,17
K3425,3
K2989,5
K2990,10
K3154,22
K0235,66
K3201,19
K3203,17
K3202,0
K3391,22
K2641,13
K3429,20
K3390,2
K3176,6
K3406,8
K3248,17
K3487,20
K3488,34
K3489,17
K3287,34
K3306,22
K3126,46
K1655,25
K0261,1
K2658,25
S1369,32
K0262,10
K3465,0
K3111,35
K3149,23
K3148,1
K3470,40
K3122,23
K3121,3
K3119,17
K3120,32
K3424,22
K2715,87
K2272,2
K0270,151
K0272,86
K0275,35
K0308,21
K0274,74
K0276,21
K0271,86
K0273,63
K0269,114
K0277,26
K0336,127
K0266,0
K0296,98
K0305,17
K1931,154
K3257,28
K0267,47
K2149,48
K0319,13
K2847,22
K1941,19
K0323,107
K0331,12
K3272,7
K0333,289
K0334,102
K0338,76
K1942,4
K0342,551
K1258,118
K0322,131
K0299,73
K0302,76
K0297,87
K0300,111
K3392,5
K3289,38
K3469,4
K3291,30
K3290,0
K3179,24
K3468,26
K3467,29
K3240,16
K0371,24
K3105,10
K3142,14
K3104,26
K3270,0
K3295,25
K3303,0
K3294,3
K3300,11
K3296,9
K3299,21
K3302,40
K3293,14
K3297,0
K3301,23
K3298,21
K3253,15
K3252,29
K3250,0
K3251,26
K3254,15
K2894,9
K3407,35
K0420,41
K0427,5
K3449,21
K3312,33
K3318,13
K3311,12
K3455,20
K3316,19
K3317,0
K3401,6
K3402,3
K3479,17
K3480,22
K3450,5
K3507,7
K3448,0
K0451,6
K3395,19
K3398,3
K3397,4
K3394,13
K3396,13
K3137,0
K3136,0
K3216,17
K3217,11
K3218,0
S2541,25
K3249,32
K3197,6
K3196,15
K3363,10
K0519,10
K0520,456
K1425,14
K3329,1
K1997,16
K2280,15
K3454,24
K0521,1
K1232,8
K3052,14
K0524,358
K1550,0
K3225,24
K2924,31
K2925,4
K0526,28
K0527,32
K0528,15
K1546,2
K0529,14
K0530,0
K0531,21
K1443,21
K3275,33
K2940,17
K3274,44
K3331,9
K3332,21
K2917,22
K3283,20
K3276,0
K0547,11
K3209,24
K1383,9
K1371,4
K3471,7
K0534,27
K0533,20
K2645,19
K1476,4
K2916,0
K3102,15
K3015,8
K0543,7
K3096,0
K0546,948
K2053,1
K0550,21
K0551,32
K2655,0
K1370,10
K3227,22
K2914,1
K2915,0
K1690,37
K0552,464
K3192,1
K3191,30
K3434,21
K3472,12
K3336,14
K0553,208
K0554,0
K1609,16
K1854,21
K0558,188
K0559,203
K0537,206
K0536,196
K0557,167
K0556,19
K3101,22
K0560,25
K0562,32
K0563,0
K0564,30
K1275,0
K0566,17
K0567,0
K0568,35
K3432,14
K1222,0
K1221,32
K3462,1
K0588,6
K0590,10
K0592,14
K0589,2
K0591,26
K0593,5
K3431,31
K3475,24
K0578,0
K0594,1
K0595,27
K0596,22
K0598,1
K0602,14
K0601,23
K3473,6
K3474,9
K3481,12
K2730,4
K0673,0
K0370,12
K0402,33
K2893,9
K3180,34
K3188,3
K0682,40
K1131,28
K1163,9
K0684,0
K0687,0
K0685,21
K3421,39
K3376,3
K3492,34
K1178,8
K3375,10
K3147,44
K0714,4
K0713,29
K3324,20
K1785,1
K3273,22
K3236,1
K3288,25
K3279,23
K0720,30
K0725,18
K0727,177
K1177,31
K0721,9
K0716,149
K0722,362
K0724,9
K0729,0
K0723,2
K0717,0
K0730,10
K0731,11
K2936,28
K3258,26
K3222,0
K3506,0
K3238,13
K2297,27
K2083,32
K2084,0
K2632,20
K2633,16
P3579,37
K2296,31
K3373,0
K3371,6
K3372,15
K3374,1
K0743,409
K0740,414
K0741,433
K0742,400
K3361,20
K3308,16
K3360,1
K2651,2
K2649,0
K2650,33
K3370,0
K3427,10
K3237,26
K3369,14
K3426,20
K0753,690
K0757,3
K0755,685
K0756,13
K3501,16
K3235,8
K0759,211
K3344,0
K3309,17
K3323,12
K3349,24
K0760,449
K0763,428
K0761,464
K0762,454
K0735,7
K0736,18
K0765,198
K1479,16
K0614,9
K0621,185
K0622,223
K0615,205
K0616,204
K0618,191
K0619,3
K0626,45
K0628,219
K0629,221
P0330,204
P0328,208
P0331,171
P0333,205
P0334,85
P0335,12
P0336,14
P0337,23
P0338,228
P0339,218
P0327,17
P0349,180
P0350,27
P0329,192
S1108,14
S1109,233
S1110,185
S1111,10
S1112,17
S1113,214
S1114,22
S1115,191
S1116,222
S1117,5
S1118,29
K0632,12
K0633,213
K0634,0
K0635,193
K0636,0
K0642,13
K0643,225
K0645,5
K0646,2
K3063,6
K3016,25
K3286,29
K3423,70
K3463,0
K3464,17
K1607,12
K0793,0
K0795,7
K0796,327
K0792,339
K2770,20
N1333,9
K2801,10
K2802,14
K2803,39
K2236,1
K2257,22
K3441,24
K0827,572
K0825,0
K2908,21
K0824,560
K0823,581
K2938,27
K2939,21
K2904,11
K2905,23
K2906,2
K3337,15
K3335,30
K3367,20
K2622,34
K0831,43
K3334,1
K0834,558
K2621,14
K1637,0
K3144,6
K3145,11
K3266,14
K3267,0
K3268,6
K1167,29
K1180,22
K3377,1
K3379,11
K3378,25
K0838,17
K0839,3
M1334,194
M1335,0
K0840,978
K3008,16
K1844,4
K1843,26
K3228,20
K3259,2
K3380,1
K3320,30
K3200,16
K3114,13
K2919,0
K0861,23
K0862,0
K1115,35
K0863,0
K1116,44
K0864,3
K1114,0
K0865,24
K0014,24
K0016,35
K1657,14
K0017,22
K0018,46
K0637,4
S1018,0
S1019,22
S1020,3
K1124,26
K3224,5
K3393,27
K3282,22
K3229,0
K3330,19
K3366,2
K2920,12
K2071,0
K1176,26
K0125,966
K3319,13
K1354,0
K1185,37
K3386,1
K3387,44
K3389,32
K3400,20
K3399,9
K3388,26
K3160,46
K3497,7
K3505,3
K3504,26
K3208,19
K3511,13
K0873,20
K0875,20
K3484,30
K3509,14
K3187,8
K3234,20
K3153,13
K3433,6
K3133,19
K3134,25
K3155,43
K3358,14
K3359,36
K3165,14
K3167,1
K3428,8
K3403,33
K3458,2
K3456,0
K3168,49
K3412,13
K3368,3
K3495,3
K3445,14
K3444,26
K3443,21
K3164,21
K3404,36
K3127,14
K3413,14
K3410,0
K3381,20
K3411,0
L0758,37
L0743,38
K3362,32
K3009,4
K3159,103
K3422,30
K3177,44
K3328,1
K3178,23
K3345,35
K3175,10
K2015,8
K3327,4
K3207,16
K3166,35
K1389,0
K2834,27
K2833,10
K2782,18
K0900,431
K3457,29
K1822,28
K3430,14
K0901,6
K0902,446
K3382,3
K2314,0
K0906,5
K2781,0
K0912,0
K3215,15
K2407,25
K2316,13
K1804,6
K1778,17
K0911,9
K0920,31
K2994,25
K3150,0
K0923,34
K3211,14
K0924,920
K0927,428
K3243,18
K2918,24
K2937,11
K3326,2
K2654,176
K3241,4
K3242,4
K2032,1
K3018,11
K3353,0
K3354,10
R0550,30
K0929,969
K0930,935
K3132,24
K3246,28
K3247,19
K3210,35
K2289,0
K1263,29
L0652,21
K3355,7
K3348,36
K3199,29
K3231,25
K3271,19
K3233,6
K3256,23
K3255,8
K3232,28
K3230,17
K3322,43
K3485,2
K3483,7
K2901,7
K3342,50
K3140,36
K3139,14
K3138,34
K3158,94
K3131,20
K3186,11
K3109,0
K3108,15
K3110,45
K3307,0
K3364,0
K3135,17
K3141,0
E1015,3
E1013,13
K2899,6
K1631,22
K3239,6
K3128,2
K3185,0
K0995,22
K1000,0
K1001,51
K1002,3
K1003,12
K1004,447
K1005,60
K1006,225
K1007,8
K3214,9
K3212,0
K3107,8
K3106,4
K3500,7
K3220,28
K3219,0
K3221,36
K1022,13
K1216,25
K1217,0
K1023,25
K1024,7
K1215,27
K3305,27
K3385,34
K3383,6
K3408,0
K3409,1
K3384,5
K1233,42
K1839,9
K1837,14
K1838,1
K3420,19
K3419,20
K3280,43
K3281,14
K3461,1
K3460,0
K3459,20
K1881,14
K1882,6
K3417,27
K1883,29
K1889,34
K3415,15
K3416,28
K3414,28
K3264,13
K3284,1
K3263,23
B1387,2
L2198,26
L2442,7
L2362,0
L2363,16
L2347,5
L2346,0
L1379,28
L0005,202
L0004,6
L1306,0
L0006,29
L1166,9
L1791,18
L2358,11
L1330,13
L0008,19
L0007,194
L2195,0
L2254,8
L2472,4
L2471,13
L2467,36
L2489,7
L2468,2
L2470,22
L2485,0
L2464,23
L2475,0
L2474,6
L2466,20
L2463,19
L2461,11
L2473,9
L2465,6
L2469,18
L2462,18
L0022,10
L0023,158
L2026,29
L2069,12
L2511,0
L2425,0
L2302,6
L2301,2
L2300,10
L1916,33
L1842,0
L0028,0
L2271,6
L0029,906
L0030,40
L0031,13
L2232,0
L0035,912
L1138,24
L0036,915
L0037,4
L1068,0
L0038,439
L2355,22
L2348,2
L2366,8
L2350,0
L2353,0
L2369,12
L2354,18
L2349,27
L2352,45
L2351,14
L2129,1
L2124,2
L2114,5
L2291,8
L2123,17
L2083,22
L2292,4
L2447,0
L2196,20
L2446,25
L2270,0
L2501,7
L2495,45
L2482,30
L2481,21
L0079,1238
B1136,1275
B1137,24
L0076,0
L0092,33
L0093,28
L0094,425
G0824,10
M0931,2373
L2497,17
L2498,2
L2496,3
L2110,0
L2207,32
S6764,34
L2307,25
L2309,0
L2308,18
L2310,0
L2384,2
L2385,29
L2386,28
L2431,7
L2432,25
P0683,13
L1504,30
L1718,0
L2334,17
L2139,9
L2140,0
L2335,16
L1939,12
L2236,0
L2235,18
A0394,42
L0120,10
L2500,16
L2421,21
L2419,32
L2420,23
L2418,34
L2422,23
L0129,463
L2438,37
K0005,1
K0008,2
L2434,26
L2439,11
K0009,26
L2435,22
K0010,40
L2437,38
K0012,12
L2436,5
K3095,12
K3094,196
L0132,931
L0136,17
L0139,23
L0133,434
L2460,4
L0137,25
L0138,0
L0140,0
L0141,0
L2399,12
L2170,9
L2031,34
L2417,0
L1731,28
L2040,31
L2215,0
L0143,10
L0142,0
L2294,29
L2451,3
L2516,6
L2517,19
L2278,5
L1801,18
L0167,469
L0165,471
L0170,447
L0166,450
L1915,30
L0193,24
L0191,3
L0176,30
L0180,0
L0175,17
L0187,11
L0185,82
L0179,20
L0177,0
L2205,22
L2221,19
L2222,1
L2206,10
L0178,36
L0163,36
L0164,0
L1484,29
L0162,19
L0171,14
L0172,23
L0173,24
L1493,25
L0194,13
L2324,36
L2322,37
L2218,46
L1906,47
L1905,11
L1914,31
L1904,32
L0192,17
L1553,0
L2252,0
L1818,26
L1819,12
L1292,24
L1291,1
L2127,39
L2043,23
L1599,19
L2383,35
L2450,29
L2337,11
L2449,3
L2345,30
L2338,4
L2448,17
L2410,15
C3539,14
L2333,25
L2332,7
L2290,15
L1312,13
L1475,18
L1343,3
L1342,373
L1849,21
L1345,0
L1344,0
L1474,23
L2285,2
L2257,35
L1793,1
L2248,35
L1794,16
L1335,36
L1332,1
L2241,43
L2240,0
L1334,30
L1333,9
L2208,33
L2203,40
L2202,12
L2199,0
L2141,17
L2200,13
L2144,30
L2146,15
L2158,31
L2160,20
L2159,10
L2178,10
L2157,29
L2194,0
L1991,34
L0221,418
L0239,6
L1610,9
L2179,13
L1692,5
L2394,31
L2416,40
L2214,0
L2173,26
L0240,17
L0241,10
L2242,0
L0242,31
L0243,0
L0244,40
L2423,14
L2499,6
L2284,24
L0248,38
L0249,23
L1936,40
L2530,9
L2312,24
L2003,1
L1679,592
L2131,3
L0251,1406
L2404,0
L2405,36
L2403,0
L2478,8
L2479,26
L1540,30
M1882,29
L1539,33
L1511,2
L1510,40
L0259,0
L0261,24
L1512,16
L1513,37
L1514,0
L2331,5
L2293,27
L2367,28
L1988,38
L2204,1165
L2318,17
L2277,12
L2272,27
L2281,21
L2280,23
L2269,19
L2283,33
L2287,7
L2282,3
L2279,39
L2275,19
L2518,20
L2274,18
L2273,20
L2521,18
L2388,21
L2415,22
L2486,16
L2487,21
L2492,36
L2253,13
L2523,36
L2289,45
L2522,12
L2201,28
L1702,1
L1696,15
L1697,0
L1695,22
L2213,31
L2220,37
L2533,21
L2526,30
L2068,24
L1840,12
L2490,30
L1798,12
L1841,30
L1797,11
L1771,0
L1725,41
L1726,20
L1770,1
L1781,14
L1755,16
L1728,13
L1782,11
L1727,32
L1769,14
L1756,16
L2488,13
L2250,0
L2249,3
L2303,0
L2304,20
L1783,0
L2268,8
L2112,6
L2113,35
L1461,16
L2491,23
L2210,38
L2326,30
L2219,13
L1955,13
L1956,18
L2325,26
L2247,0
L2365,19
L1957,46
L1975,11
L2494,0
L2483,18
L2261,31
L2430,0
L2262,37
L2512,17
L1857,23
L2209,10
L2120,8
L2128,1
L2217,5
L1931,12
L2323,22
L1724,10
L2320,14
L1723,20
L2319,34
L2531,0
L2520,3
L2045,8
L2527,4
L2260,12
L2459,13
L2508,11
L2239,17
L2237,13
L2238,9
L2509,26
L2510,15
L1673,18
L1674,11
L1675,35
L1676,0
L2119,0
L2153,5
L2154,35
L0336,143
L0337,28
L2168,39
L2414,0
L2197,31
L2169,3
L2341,27
L2339,33330
L2329,13
L2344,0
L2299,15
L2343,10
L0357,943
L0356,16
Z0006,31
L2297,22
L2295,24
L2296,39
L2298,23
L2181,28
L2193,35
L2188,1
L2186,14
L2187,17
L2180,1
L2192,21
L2191,19
L2189,1
L2184,19
L2183,17
L2190,6
L2185,10
L2182,35
L2162,36
L2163,27
L2155,8
L2502,38
L2532,5
L0388,20
L0389,21
L2476,1
L0387,7
L1236,21
L0393,20
L1626,11
L2484,2
L0394,39
L0397,0
L1627,12
L0398,32
L2477,17
L0400,0
L1142,0
L0395,0
L2258,16
L2259,36
L2267,31
L2342,30
L0425,12
C1578,240
C1579,93
C1580,204
L2264,21
L2376,21
C1583,212
C1584,188
L1392,8
L2263,29
L2412,9
L2428,0
L2440,9
L2534,29
L2224,2
L2377,3
L0440,26
L2321,34
L0441,208
L0442,190
L0443,201
L0444,35
L2413,22
L2379,20
L2380,13
L2381,24
L2378,1
L2427,14
S3046,226
S3049,219
S3047,196
S3050,182
S3051,101
L1340,31
L2234,25
L1337,1
L2233,31
L1338,45
L2223,49
L2506,21
L2504,23
L2507,36
L2505,27
L2231,0
L2230,18
L1737,31
L2411,4
L2409,0
L2424,6
L1442,3
L2390,0
L2391,21
L2525,17
L2400,39
L2395,12
L2397,2
L2402,2
L2407,31
L2524,24
L2396,31
L2393,0
L2392,1
L2401,1
L2336,15
L2441,2
L2433,14
L2387,15
L2371,29
L2340,0
L2375,26
L2372,21
L2373,12
L2359,23
L2374,2
L2456,6
L2457,3
L2361,24
L2360,22
L2406,1
L2429,42
L2313,19
B0279,5731
L2317,11
L2107,16
L2108,29
L2054,20
L1346,20
B0288,19
L0506,14
L0508,48
L0518,2
L2305,28
L2306,3
L1761,159
S3030,22
L1760,22
L0507,27
L1304,9
L2109,27
L2315,12
L2316,11
L2314,5
L2288,16
L2515,0
L2529,12
L2513,5
L2514,36
L0537,1164
L2177,26
L2255,0
L2265,7
L2266,42
L2256,35
L2176,16
L2175,0
L2328,39
L2327,0
L2528,15
P4016,27
L1270,31
L1869,29
L1178,33
L1768,1
L1764,2
L1767,0
L1765,4
L1766,31
L1703,28
L2161,18
L2042,0
L2211,16
L2111,0
L2229,0
L2225,24
L2226,0
L2228,1
L2227,24
L2008,43
L2167,16
L2444,26
L2445,36
L2172,1
L2171,16
L2443,0
L2165,2
L2166,26
L2286,14
B2940,26
L2493,19
L2452,10
L2453,30
L2454,24
L2455,13
L2174,11
L2156,7
L1647,35
L2216,14
L2164,35
L2356,16
L2368,0
L1795,14
L1622,17
L1625,9
L1624,35
L1623,43
L2246,4
L1780,20
L1779,28
L1778,29
L2251,31
L1877,0
L2408,5
L1898,13
L1667,24
L1669,15
L2382,9
L1698,0
L1668,11
L1666,0
L1838,35
L1837,21
L2244,1
L2245,6
L1796,33
L1799,11
L2243,8
L2389,41
L1909,9
L1851,2
L1854,11
L1856,14
L1855,24
L1853,6
L1852,1
L1850,29
L2330,0
L2370,8
L2398,11
L2212,22
L2357,38
L2458,18
L2044,5
L2503,4
L1670,10
D2074,9
M3730,14
M4202,0
M4203,22
M0014,35
M0002,957
M2509,8
M3729,3
M4309,0
M3720,1
M4231,30
M4348,28
P1913,49
M1996,22
M2388,47
M4192,0
P1887,24
M2020,9
B1460,9
M2106,31
P1937,7
P1914,24
M4369,1
M2105,0
P1908,39
B1438,19
M2333,1
M2335,1
M2334,2
M2365,40
M1626,17
M1637,15
M2639,16
M1638,7
M1639,5
M1640,31
M1641,11
M1642,6
P1902,4
M4345,1
M4344,12
M4343,2
M1725,945
M1740,0
M1762,2
M1666,14
M1703,13
M1685,15
M1697,15
M2567,35
M2687,28
S1622,18
M1702,24
M1667,40
M2766,6
M1712,30
M1714,19
M1719,0
M1713,34
M1715,0
M1721,24
M1724,11
M1726,27
M1683,35
M1731,28
M1728,23
M1730,0
M1729,29
M1668,19
M2037,22
M2039,3
M2038,0
P1897,18
M2002,41
M2076,33
M2043,4
P1898,37
M2041,34
P1969,45
M2001,35
M2062,29
M1770,16
M1776,10
M1783,12
M1782,23
M1868,18
M1875,19
M1902,14
M1907,0
H0092,98
M1904,30
M1878,191
M1881,13
M1903,1
M1879,36
M4235,3
M1889,11
M1890,9
M1880,28
L0260,1
M1886,216
M1894,9
M1895,7
M1892,1
M2268,19
M1905,47
M1910,8
Y0155,10
M1908,17
M0219,241
M0227,1160
M0220,1189
M0228,34
M0222,10
M0223,1170
M0224,1177
M0225,1170
M0230,281
M3311,0
S7621,2
M0235,2
M0253,206
M0254,202
M0256,225
M0257,217
M3753,23
M4046,0
M4209,23
M0269,33
M4208,1
M4302,26
M3009,16
M0268,5
M0280,0
M0277,29
M0278,27
M0281,42
M2885,8
M2616,0
M4470,7
M4469,17
M4356,18
M3758,91
M3792,11
M3759,11
M3290,41
M0323,570
M3346,32
M0324,583
M3757,22
M4018,9
M0328,202
M0330,425
M0329,465
M4017,32
M3791,25
M4144,24
M4376,30
M4566,39
M4564,25
M4386,0
M4387,2
M4565,0
M4654,3
W0808,20
M4635,40
M4636,0
M4126,26
M4189,29
M4581,11
M4582,22
M4583,2
M4464,10
M4467,3
M4468,22
M4519,2
M4561,9
M4118,0
M4019,13
M4301,37
M4342,12
M4392,12
M4341,32
M3441,18
M3589,1
M4340,39
M4339,0
M4179,32
M4335,0
M4336,0
M4361,2
M4360,36
M4359,32
M4065,22
M4067,49
M4066,17
M4024,0
M4023,1
M4241,24
M4240,20
M3994,9
M3669,28
M3668,3
M3670,6
M1340,42
M4401,0
M4662,24
M3013,0
M3014,34
M3012,4
M3011,19
M3010,0
M4304,32
M4305,61
M4446,0
M4425,12
M4489,13
M4306,18
M4454,18
M4529,0
M0376,31
M0379,166
M4472,0
M0375,0
M0377,27
M0378,4
M0381,30
M0383,159
M0380,18
M0382,18
M0384,22
M3459,50
M3721,6
M3630,40
M3629,2964
M4364,38
M4362,42
M4365,9
M4667,25
M4684,19
M4307,0
M0399,0
M2011,42
M3957,24
M3959,5
M3304,24
M4589,26
M4643,8
M4648,7
M0387,27
M3552,1
M3164,22
M0937,12
M0388,4
M2290,0
M2419,22
M2836,15
M3088,45
M3035,11
M2620,29
M4298,22
M4634,41
M4656,5
M4657,16
M4054,29
M4200,15
M4201,32
M3643,77
M0403,17
M0404,41
M4150,8
M4084,30
M4055,16
M4154,7
M4149,19
M4153,34
M4151,21
M4052,24
M4053,45
M4117,19
M4658,13
M3935,23
M4199,19
M2343,22
M3832,2
M4413,5
M4169,11
M4167,11
M4168,30
M3833,4
M4533,12
M3835,0
M3936,16
M3839,1
M4217,23
M3836,24
M3934,5
M4142,16
M4219,45
M3973,22
M3932,26
M4297,0
M4687,1
M4139,37
M4438,22
M3834,18
M4688,0
M3941,19
M4177,16
M3943,24
M4166,34
M4314,28
M4450,2
M4143,10
M4668,1
M4346,30
M4569,31
M4507,6
M4686,0
M4112,4
M4110,20
M4491,15
M4109,17
M4113,4
M4111,3
M4447,31
M4299,10
M4090,13
M4448,8
M4091,2
M4517,0
M4518,1
M4141,0
M3972,39
M4216,10
M4140,40
M4138,3
M4501,32
M4416,0
M4552,15
M4164,0
M3933,0
M3837,10
M3838,5
M4267,25
M4266,11
M4265,0
M4669,1
M4442,18
M4441,17
M4218,28
M3937,26
M3841,36
M3840,35
M3939,0
M4165,22
M4424,16
M4423,0
M4551,23
M4559,20
M4558,10
M4258,25
M4625,33
M4572,6
M4571,1
M4620,38
M4591,11
M4621,0
M4626,2
M4627,4
M4499,29
M4610,0
M4611,0
M4614,8
M4615,24
M4613,17
M4612,25
M4246,16
M4605,2
M3323,28
M2304,0
M0468,36
M0469,0
M0470,16
M0471,25
M0472,2
M3470,13
M4576,17
M4456,1
M4058,20
M4282,0
M4057,23
M4393,21
M4281,13
M4280,19
M4279,0
M4352,19
M3579,2
M3582,0
M3583,15
M0523,62104
M3580,17
M3152,28
M4194,18
M0546,2
M0549,19
M0550,0
M3254,27
M0552,14
M0555,13
M0556,0
M3255,0
M2892,34
M0545,28
M0547,24
M0548,0
M2893,20
M0553,15
M0554,25
M0551,28
M4027,10
M0557,26
M2089,28
M0558,1
M2090,17
M4197,5
M4196,18
M0568,2
M0569,2
M0570,0
M4640,32
M4639,19
M4047,0
M0571,447
M4451,1
M4300,10
M4382,12
M4586,21
M4407,25
M0572,462
M0573,457
M0581,464
M0574,417
M0575,432
M0576,458
M0582,23
M4524,0
M4355,0
M0583,221
M0584,193
M0585,192
M0587,194
M0586,215
M0589,213
M0590,221
M0592,215
M0593,193
M0594,212
M0595,202
M0596,198
M0597,210
M0588,198
M0598,48
M2111,32
M0599,18
M0600,13
M4585,38
M4220,14
M0607,1
M2159,13
M0601,204
M0609,6
M0608,12
M2381,9
M4271,3
M4623,16
M4624,16
M4039,17
M3713,6
M4181,11
M4038,5
M4129,16
M4256,33
M4036,6
M4037,18
M4182,2
M4452,40
M4420,6
M3288,20
M0823,40
M0818,4
M3213,2
M3214,44
M3188,21
M2179,21
M2126,27
M4606,32
M4607,17
M4471,36
M4291,16
M4292,0
M4006,19
M2612,31
M2597,142
M2768,139
M2375,5
M2376,66
M0637,4772
M0639,386
M0632,0
M3697,1
M0635,14347
M3698,28
M3892,27
M3891,0
M0676,203
M4426,13
M3442,2
M4427,28
M0680,233
M0681,190
M4373,4
M4363,7
M3856,0
M3983,2
M3852,1
M3693,23
M3996,0
M4592,36
M3060,4
M3059,0
M3062,19
M4380,0
M3061,4
M3052,19
M3632,0
M3053,0
M3054,22
M3650,6
M3055,4
M3057,11
M3058,0
M3050,42
M4349,9
M3649,18
M3051,26
M3752,0
M3299,19
M3634,2
M3298,33
M3360,17
M3133,14
M3633,25
M3134,11
M3372,21
M4350,11
M4481,41
M4482,1
M4479,29
M4478,31
M4480,11
M4147,29
M4148,45
M4146,14
M3893,6
M3423,25
M0673,227
M3424,1
M0674,211
M0679,202
M3358,12
M3357,9
M3359,21
M2307,32
M4351,39
M2306,9
M2308,28
M4042,23
M4372,25
M2922,14
M2808,16
M2923,13
M2569,13
M2574,1
M2575,11
M2809,19
M2794,16
M2598,0
M2591,2
M2609,20
M4115,24
M4116,19
M0683,483
M2795,0
M4050,22
M0687,71
M0688,1156
I0022,0
M0714,459
M4078,31
M4044,0
M4045,26
M0734,124
M0735,106
M0728,557
M0730,6970
M0731,1
M0733,539
M4263,28
M4437,5
M4449,13
M4541,23
M4547,27
M4543,37
M4546,16
M4542,20
M4545,27
M4577,36
M4540,25
M4544,1
M4461,32
M4462,11
M4508,4
M4512,14
M4550,6
M4659,23
M4660,34
M4303,5
M4226,17
M2821,14
M3232,39
M4628,9
M4455,0
M0786,93
M0788,0
M0791,421
M3662,26
M3661,21
M0797,74
M0800,5
M0803,28
M0804,82
M0807,450
M4368,9
M0814,26
M4570,48
M0846,705
M0844,874
M0837,943
M4375,19
M4374,27
M4484,4
M4483,32
M4070,0
M4003,12
M4152,28
M0879,28
M4389,15
M4029,26
M4125,35
M4488,24
M0891,1410
M4316,28
M2919,84
M4619,1
M4618,3
M0896,33
M2998,20
M2648,29
M3596,21
M3905,31
M4453,0
M4354,3
M4563,38
M3906,18
M2269,2
M0903,28
M0904,204
M3988,34
M0924,149
M0906,13
M0907,0
M4670,22
M2997,15
M0915,0
M4229,15
M0916,221
M0917,20
M4666,13
M4664,34
M4665,27
M4642,22
M4641,35
M0921,192
M3733,13
M4328,10
M0925,2
M0926,31
M0928,39
M0932,0
M2078,15
M2502,38
M2504,0
K1166,0
K1173,12
K1165,7
G1557,33
M1287,745
M4206,38
M4069,16
M4135,18
M4136,12
M4137,10
M4222,0
M4223,20
M4103,16
M4016,27
M4010,2
M4011,216
M4008,229
M4009,208
M4012,11
M4497,28
M4496,32
M4257,0
M4013,0
M4015,9
M4655,6
M4014,32
A2629,0
A2166,0
A2660,38
A2167,4
A2683,30
A2684,24
M4429,24
A2644,22
A2643,4
M4410,9
A2682,2
M4408,0
M4622,17
M4409,13
A2776,29
M4411,7
M4398,12
M4230,34
M4274,10
M4315,2
M4553,17
M2369,3
M2370,2
M4255,22
M4158,4
M4159,33
M4293,37
M4520,38
M0981,12
M0982,8
M2771,3
M3190,0
M0983,0
M0984,20
M4630,29
M4631,36
M4629,15
M4397,0
M4337,41
M0993,6
M0992,18
M2756,8
M0963,20
M4379,23
M4370,20
M4221,1
M2554,10
M3176,10
M2553,7
M4598,14
M4377,12
M4043,26
M4430,26
M4587,31
M2426,4
M2425,16
M2424,20
M2427,20
M4123,28
M4122,25
M4689,20
M4691,21
M4690,27
M4155,22
M4156,14
M4288,30
M4287,29
M4290,0
M4289,0
M4005,14
M4378,8
M1034,36
M4119,16
M1016,922
M4004,1
M4244,0
M2040,2
M1023,21
M1024,466
M4399,19
M4594,13
M1026,0
M4400,21
M1028,188
M1030,218
M1037,921
M1039,12
M1040,32
M1041,46
M1029,10
M1044,446
M1031,22
M1032,26
M1047,16
M1035,19
M1048,423
M4205,9
M1056,5
M4157,9
M3440,4
M2950,0
M3294,16
M2949,7
M3293,29
M2948,15
M3251,38
M4273,28
M4114,0
M4435,0
M4521,32
M4535,0
M3812,0
M4186,41
M4185,6
M4187,27
M4428,15
M3264,0
M3263,5
M3262,1
M4418,35
M4616,8
M1073,30
M1074,9
M1075,8
M1077,910
M1076,15
M1078,895
M1079,20
M1091,933
M1092,32
M1093,932
M1094,900
M1095,895
M1096,925
M3209,29
M3208,9
M4318,0
M3461,26
M1080,0
M2205,19
M1083,37
M1081,2
M1082,25
M1084,0
M4617,26
M4283,17
M4285,38
M4284,27
M4321,1
M4319,40
M4320,0
M4322,2
T0477,934
T0476,915
M4402,0
M4403,0
M4286,31
M4059,99
M4245,0
M3562,8
M4088,34
M4089,9
M4332,7
M1126,39
M1128,460
M4534,0
M4358,11
M4685,14
M4597,30
M3882,0
M1139,233
M4028,7
M3831,3
M4331,5
M3590,0
M1110,17
M1117,203
M4396,8
M2109,27
M1146,195
M1150,327
M4381,40
M1147,481
M4207,0
M4422,20
M4068,14
M3259,14
M1154,199
M4509,29
M4510,10
M1158,588
M2459,20
M4278,8
M4490,34
M2152,35
M3963,10
M4562,17
M4272,0
M4599,16
M4071,24
M4183,0
M4184,0
M4105,0
M4107,1
M4106,0
M4104,6
M4395,0
M4108,0
M4145,183
M4487,20
M4384,25
M4404,15
M4383,6
M2909,10
M1209,198
M2828,4
M1211,36
M4041,518
M4040,19
M4162,0
M4161,10
M4677,6
M4588,9
M4574,23
M4573,0
M4556,3
M4251,36
M4252,20
M4051,1
M4073,26
M4074,18
M4075,30
M3094,27
M4463,11
M4035,28
M4633,7
M4262,18
M4486,25
M4388,15
M4127,197
M4128,17
M4406,18
M4516,19
M4391,22
M4228,15
M4227,26
M1218,0
M4473,15
M4474,7
M3198,3
M3261,23
M4225,11
M4224,13
M4596,0
M4649,24
M4538,0
M3788,28
M4637,31
M4638,14
M4651,28
M4030,27
M4032,12
M4031,35
M4211,7
M4212,15
M4210,10
M4214,0
M4213,26
M3999,0
M1274,0
M4661,10
M2026,1
M4390,1
M1275,5
M1276,45
M1277,18
M1278,22
M4308,1
M4190,22
M4191,4
M4371,22
M2098,44
M2049,18
M2024,5
M1267,25
M1270,11
M4417,0
M4515,19
M4513,0
M4514,10
M1271,4
M2543,4
M4414,6
M4444,13
M4443,0
M4477,26
M2071,0
M2025,7
M1273,1
M1272,20
M2027,37
M1280,0
M1268,13
M1269,30
M1279,34
M2050,39
M4353,33
M1281,0
M4193,11
M1282,2481
M1284,367
M1288,7946
M1290,27
M1289,5
M1291,776
M1292,9
M4250,16
M4415,31
M4254,0
M1285,40
M4557,37
M4312,4
M2484,24
M4465,21
M3079,7
M4466,0
M2485,0
M4419,2
M3728,20
M3085,16
M1294,17
M4330,28
M4329,12
M3463,16
M4498,22
M2853,4
M2854,31
M4338,25
M1309,3
M4160,16
M4526,11
M4525,6
M3443,0
M4536,15
M4347,17
M4436,0
M4083,11
M4063,16
M4082,2
M1397,15
M1398,2
M3479,29
M1399,0
M3184,32
M2837,26
M4048,24
M2839,22
M4134,40
M4064,14
M1402,201
M1403,221
M3122,30
M4087,40
M1404,205
M1406,8
M3422,0
M1407,185
M3123,38
M4062,1
M4124,7
M4163,11
M4060,34
M4675,17
M4072,25
M4061,2
M4086,17
M4172,2
M4439,0
M4476,18
M4475,30
M4394,9
M2413,13
M1396,3
M1372,46
M1373,86
M2889,11
M2888,16
M1380,212
M1382,208
M1383,456
M2514,35
M1388,231
M1390,222
M1391,212
M4081,67
M3731,12
M4204,11
M4608,22
M3564,4
M4239,11
M3604,13
M4647,17
M4645,2
M4609,23
M4176,20
M4264,0
M4646,0
M4275,8
M4674,18
M4644,24
M4672,8
M4530,0
M4523,1
M4532,10
M4531,1
M4522,0
M4537,15
M3767,0
M4590,0
M4555,1
M4680,22
M4683,17
M4681,13
M4682,0
M4652,38
M4653,3
M4673,19
M4334,5
M3766,0
M3565,19
M4007,8
M4175,36
M4554,13
M4528,33
M4527,22
M4503,29
M4357,22
M3904,31
M3863,15
M3790,5
M3626,0
M3627,29
M3274,24
M2992,30
M2991,5
M2990,2
M2480,37
M2479,0
M2478,8
M4504,19
M4333,29
M3846,24
M3845,24
M3947,28
M3901,19
M3900,23
M1417,174
M4311,32
M1433,27
M2409,31
M4232,0
M4317,17
M1215,29
M1449,25
M4567,20
M4568,0
M4260,1
M4261,12
M4259,35
M1475,457
M3104,7
M2753,3
M2547,20
M2548,3
M2549,1
M2550,38
M2551,26
M1466,470
M1468,423
M1471,433
M1472,15
M1474,32
M1476,458
M1467,14
M1470,438
M1469,405
M1473,26
M1477,448
M4294,11
M4296,12
M4295,0
M4313,4
M4268,3
M1478,455
M1480,184
M1479,447
M1481,217
M1482,204
M4575,13
M3396,28
M3295,12
M1521,32
M1520,17
M1523,17
M1522,16
M1525,0
M2157,4
M1526,178
M1524,126
M1527,28
M1528,192
M1529,182
M1530,0
M1985,4
M1516,171
M1515,35
M1984,26
M1518,26
M1519,9
M1485,164
M1487,172
M1490,0
M1486,184
M1491,168
M1492,170
M1495,167
M1496,5
M1493,23
M1497,146
M1498,31
M1500,31
M3099,24
M3614,21
M1501,14
M1502,2
M3618,9
M3617,0
M3619,25
M3620,11
M3635,23
M1533,0
M1535,4
M1507,16
M1508,23
M1509,19
M1513,435
M1512,430
M1511,472
M1510,445
M1514,441
M4412,17
M3364,17
M1539,32
M1541,438
M1538,460
M1542,24
M4440,16
M4485,2
M1552,9
M1553,25
M1554,1
M4324,13
M4323,42
M4325,30
M4326,1
M4327,0
M1574,21
M1568,24
M1572,14
M1563,1
M2632,12
M3613,18
M1559,25
M1562,35
M1565,13
M2890,20
M3388,22
M4180,20
M3977,4
M4101,19
M4233,9
M4178,4
M4198,4
M4432,10
M4434,13
M4431,19
M4433,4
M4593,15
M4494,3
M4492,6
M4495,21
M4493,0
M4506,10
M4505,1
M2433,1
M1791,34
M4595,22
M2431,1
M4026,27
M4025,45
M4367,14
M3367,28
M3366,7
M3460,31
M4366,40
M3369,37
M3368,9
M3431,19
M4511,2
F0117,0
M4539,13
M4170,16
M4171,22
M4579,40
M4580,0
M4578,0
M4077,22
M4076,0
M4502,6
M4549,4
M1824,769
M1825,766
M4385,36
M1834,1966
M4421,0
M4034,0
M4033,3
M4173,21
M4215,10
M4120,24
M4236,40
M4253,23
M4121,27
M4132,0
M4679,22
M4133,0
M4131,36
M4249,22
M4248,35
M4093,4
M4092,0
M4237,20
M4094,34
M4238,8
M4671,11
O0407,0
M4604,4
M4445,10
M4096,21
M4277,38
M2097,0
M4276,9
M2094,0
M2935,38
M1914,193
M2995,2
M2994,0
M2516,21
M2440,0
M2467,9
M4021,1
M4022,27
M4174,3
M3986,9
M3964,12
M4500,8
M1934,12
M2125,23
M1937,0
M1944,25
M2288,21
M1939,0
M3879,36
M3842,26
M1940,2
M1941,16
M1942,26
M1943,28
M1950,16
M1945,15
M1946,27
M1947,0
M4650,33
M1948,0
M1949,23
M1951,19
M4632,4
M3880,29
M1952,29
M4460,0
M1953,73
M4458,32
M4457,11
M4459,0
M1955,28
M1958,88
M1956,56
M4085,77
M1957,73
M4310,20
M3557,0
M3556,3
M4195,25
M4130,31
M4080,60
L2009,74
M2810,10
M2813,14
M2812,14
M2811,1
M4600,21
M4601,42
M4602,18
M4603,17
M4270,5
M4269,29
M4188,26
M1977,142
M4234,24
M1978,0
M3910,18
M4095,1
M4099,10
M4102,23
M4056,4
M4100,14
M4097,27
M4020,34
M4098,14
N1794,9
N1624,17
N1667,14
N1630,36
N1719,1
N1627,0
N1626,3
N1625,13
N1622,24
N1623,0
N1631,0
N1524,3
N1569,47
N1538,11
N1773,7
N1607,8
N1606,14
N1568,36
N1570,37
N1520,21
N1797,38
N1793,21
N1549,2
N1774,17
N0012,25
N0948,4
N0934,38
N0946,31
N0027,99
N0029,17
N1435,3
N1434,0
N0037,4
N1278,30
N0977,33
N0976,0
N1770,1
N1582,12
N1554,2
N0945,5
N1431,2
N1660,7
N1279,23
N0054,0
N0972,0
N1572,5
N0056,50
N0009,25
N0010,32
N0038,10
N0043,22
N0008,29
N0947,3
N0057,2
N1460,37
N1193,0
N1234,0
N1233,33
N1768,0
N1189,28
N1765,9
N1663,14
N1620,24
N0063,587
N1440,4
N1457,33
N1600,10
N1757,8
N1745,21
N1687,38
N0065,22
N0064,17
N1522,10
N1539,2
N1540,0
N1523,2
N1532,32
N1531,24
N1533,2
N1534,0
N1604,24
N1603,26
N1601,7
N1602,40
N1605,13
N1528,1
N1717,28
N1645,26
N1759,2
N1530,7
N1803,38
N1742,5
N1579,3
N1798,31
N1711,0
N1709,10
N1710,1
N1708,2
N1707,0
N1780,32
N1781,0
N1716,31
N1753,25
N1613,41
N1614,0
N1548,0
N1743,7
N1664,17
N1754,0
N1616,46
N1800,21
N1727,16
N1728,36
N1726,6
N1729,25
N1715,22
N1712,30
N1713,41
N1801,22
N1584,12
N1764,41
N1748,4
N1746,17
N1747,0
N1799,35
N1752,19
N1525,41
N1735,13
N1736,17
N1685,32
N1686,11
N1698,24
N1734,20
N1697,13
N1733,31
N1802,7
N1529,2
N1330,25
N1328,0
N1580,3
N1581,22
N1562,31
N1555,15
N1723,0
N1428,20
N1137,31
N0122,193
N1033,23
N1361,34
N0119,27
N1070,9
N1355,18
N1357,0
N1356,15
N1588,32
N1700,16
N1761,43
N1763,7
N1762,2
N1517,3
N1516,4
N1543,13
N1536,0
N1537,8
N0121,18
N0123,10
N0120,35
N1446,0
N0124,15
N0126,0
N1542,16
N1483,0
N0172,169
N1795,18
N1796,4
N0184,24
N0185,31
N1786,1
N1556,16
H0390,31
N1304,30
N1354,8
N0187,27
N0188,39
N1577,15
U0072,29
N1518,6
N0197,0
N0196,137
N1515,0
N1658,5
N0199,431
N0202,35
N0211,24
N0218,20
N0215,18
N0217,23
N0216,21
N0207,33
N0209,14
N0208,34
N0206,28
N0212,21
N0214,24
N1689,9
N1690,5
N1527,12
N1526,11
N1275,25
N1617,25
N0230,0
N0242,25
N1387,23
N1388,14
N1608,35
N1609,0
N1637,10
N1276,34
N1277,2
N1274,30
N1629,19
N0243,15
N1611,6
N0239,18
N1706,2
N1703,24
N1684,36
N1702,34
N0225,428
N0226,226
N0250,30
N1258,0
N1612,3446
N1597,0
N1248,31
N1243,0
N1249,83
N1634,7
N1615,29
N1704,7
N1705,38
N1121,7
N1346,4
N1299,16
N1256,40
N1014,22
N1544,176
N1583,0
N1563,13
N1730,46
N1467,0
N1666,10
N1755,30
N1782,25
N1633,0
N1805,9
N1662,2
N1661,0
N1806,0
N1628,1
N0339,749
N0330,738
N1188,22
N1187,26
N1203,23
N0322,782
N0356,442
N1239,9
N1490,3
N1186,6
N0989,3
N1023,34
N1195,0
C1432,307
C1433,1142
N1077,30
N1550,23
N1458,6
N1459,14
H0365,1162
H0366,318
N1448,17
N1557,0
N1553,14
N1288,0
M1151,1192
N1558,16
N1390,12
N1315,21
N1654,13
N1655,29
S0908,16
N1345,31
N1441,13
N1769,23
N1632,11
N1775,23
N0511,16
N0514,184
N0967,33
N0506,811
N1214,3
N0513,8
N0510,6
T0540,18
N0505,11
N1699,13
N1722,2
N1598,9
N1599,25
N1656,3
N1750,36
N1749,17
N1560,0
N1418,21
N0528,23
N0529,212
N1669,13
N1668,0
N1673,35
N1672,9
N1671,19
N1670,9
N1691,21
N1680,0
N1681,34
N1665,19
N1674,7
N1675,25
N1676,24
N1677,0
N1682,14
N1683,2
N1696,0
N1659,18
N1575,6
N1545,1
N1415,13
N0542,2
N0550,453
N0548,425
N0571,43
N0572,30
N0578,14
N0585,25
N0588,447
N0536,9
N0537,4
N0541,635
N0552,23
N0544,19
N0549,437
N0538,37
N0539,13
N0545,687
N0546,0
N1776,17
N1777,14
N0603,702
N0604,18
N0605,933
N0606,14
N1521,8
N1692,13
N1693,25
N1578,1
N1694,0
N1792,39
N1714,19
N1790,24
N1791,13
N1519,5
N1756,18
N1174,14
N1636,0
N1508,0
N1507,0
N1509,24
N1642,17
N1535,32
N1571,23
N0621,16
N0623,415
N1657,0
N0601,23
N0602,0
N1561,2
N1695,12
N1760,30
N1619,1
N1635,25
N1618,2
N1731,30
N1701,7
N1740,19
N0637,21
N1436,30
N1783,6
N1785,36
N1784,8
N1552,17
N1559,1
N1551,4
N1379,4
N0683,6
P0264,23
N1732,24
N1741,2
N1772,0
P0266,17
P0268,20
N1744,0
P0265,6
P0267,26
N1720,29
N1585,0
N1586,5
N1652,127
N1653,22
N0733,53
N1236,40
N0690,65
N1298,0
N0713,66
N0700,68
N0699,110
N0705,95
N1271,37
N0706,3
N1779,6
N0712,316
N0715,176
N1751,5
N1778,7
N0738,29
N0739,561
N0741,565
N0742,555
N0743,595
N0744,557
N0740,529
N0747,88
N0750,0
N1621,46
N1413,5
N1678,2
N1718,7
N1323,6
N1321,17
N1320,22
N1191,12
N1241,28
N1192,0
N1541,30
N1574,11
N1296,24
N1297,19
N1739,4
N1738,0
N1758,1
N1725,23
N1724,33
N1472,10
N1573,0
N1473,3
N1474,20
N1789,13
N1547,14
N1055,0
N1057,27
N1546,23
K0956,30
N1056,20
N1255,6
N0859,14
N0860,182
N0863,1374
N0864,1410
N1144,20
N1089,0
N1576,9
N1377,1
N1679,17
N1638,4
N0870,194
N0871,185
N0869,29
N1087,24
N0862,532
N0876,218
N0882,224
N0883,209
N0884,81
N0890,10
N1646,16
N1028,14
N1076,0
N1648,0
N1649,24
N1647,22
N0865,181
N1178,27
N0830,205
N0818,461
N0819,393
N0821,42
N0833,444
N0829,419
N1787,27
N1788,0
N1589,0
N1400,0
N1398,24
N1399,16
N1145,42
N0799,203
N0800,172
N0801,190
N0802,214
N0803,210
N0804,210
N0805,210
N1397,18
N0806,211
N1424,17
N1807,7
N1650,21
N1591,24
N1427,21
N1767,11
N1594,8
N1590,11
N1426,14
N1643,35
N1644,0
N1592,20
N1425,2
N1423,10
N1421,21
N1420,3
N1766,32
N1593,13
N1444,30
N1422,0
N1721,0
N0811,471
N0820,220
N0813,0
N0812,201
N0836,24
N0837,51
N0810,14
N0809,23
N1342,15
N1341,29
N1339,0
N1340,15
N0814,446
N1596,3
N0822,20
N0823,41
N0824,217
N0826,11
N1098,0
N1595,1
N0825,25
N1349,5
N0828,88
N1097,2
N0827,24
N0831,31
N0832,41
N1350,31
N1688,34
N1565,17
N1566,0
N1504,20
N1505,12
N1564,14
N0902,177
N0905,201
N0907,194
N0909,196
N0903,187
N0904,200
N0906,182
N0908,215
N0913,1416
N1229,37
N0911,19
N0910,24
N0912,34
N1395,20
N1394,45
N1393,22
N1640,14
N1651,17
N1641,1
N1639,27
N0900,0
N0917,222
N0918,223
P0288,25
N1476,5
N1106,0
N1771,12
N1135,10
N0927,0
N0928,1
N0929,6
N1567,29
N0919,9
N0920,35
N0921,16
O0739,19
O0741,19
O0738,35
O0740,3
O0757,0
O0758,23
O0776,3
O0759,19
O0002,0
P4532,16
O0815,6
O0829,17
O0761,11
O0501,0
O0362,16
O0350,35
O0712,11
O0008,206
O0742,22
O0737,27
O0013,38
O0015,194
O0014,219
O0361,0
O0009,0
O0756,8
O0651,18
O0730,31
O0806,0
O0807,6
O0805,7
O0670,4
O0689,37
O0817,18
O0796,13
O0438,0
O0803,28
O0676,9
O0781,13
O0770,7
O0780,0
O0679,28
O0785,19
O0802,24
O0707,22
O0822,7
O0824,10
O0821,38
O0823,17
O0708,7
O0415,2
O0030,21
O0029,467
O0566,9
O0420,31
O0033,457
O0644,5
O0643,21
O0034,208
O0038,206
O0505,2
O0450,7
O0657,16
O0769,34
O0768,34
O0746,28
O0721,0
O0720,31
O0716,10
O0661,44
O0047,9
O0046,25
O0783,18
O0762,14
O0826,30
O0709,25
O0729,0
O0777,26
O0820,3
O0789,0
O0818,24
O0755,13
O0752,0
O0753,13
O0751,7
O0750,0
O0771,6
O0788,5
O0754,1
O0747,28
O0437,16
O0718,26
O0715,14
O0535,27
O0531,28
O0534,0
O0536,31
O0537,35
O0766,31
O0767,40
O0793,0
O0804,15
O0794,22
O0795,23
O0778,3
O0787,3
O0786,18
T2390,19
O0667,4
O0646,25
O0749,26
O0498,20
O0663,26
O0664,25
O0494,7
O0812,9
O0614,25
O0645,14
O0748,0
O0647,0
O0719,4
O0692,20
O0659,30
O0653,3
O0827,25
O0784,19
O0819,24
O0375,28
O0104,1185
O0105,3
O0443,9
O0577,32
O0722,29
O0811,13
O0701,20
O0548,75
O0588,34
O0633,17
O0678,11
O0691,0
O0690,2
O0705,7
O0685,19
O0732,11
O0714,12
O0713,24
O0723,25
O0703,2
O0702,10
O0704,10
O0792,32
O0710,20
O0711,20
O0665,18
O0464,20
O0395,8
O0724,1
O0706,24
O0697,0
O0696,14713
O0695,3
O0680,17
O0694,3
O0699,26
O0681,0
O0698,16
O0648,21
O0733,26
O0791,5
O0728,27
O0790,17
O0798,19
O0799,21
O0800,6
O0801,1
O0669,20
O0674,28
O0675,20
O0765,9
O0671,38
O0517,32
O0816,12
O0119,0
O0121,22
O0120,164
O0113,9
O0114,13
O0333,33
O0332,0
O0115,7
O0116,22
O0413,10
O0445,26
O0124,34
O0662,0
O0117,24
O0672,24
O0693,26
O0677,9
O0128,387
O0499,7
O0423,9
O0133,1
O0288,12
O0425,0
O0285,9
O0576,1
O0136,205
O0573,8
O0336,15
O0574,36
O0772,35
O0736,34
O0735,19
O0717,20
O0731,18
O0813,20
O0773,33
O0774,1
O0688,25
O0687,0
O0686,9
O0726,27
O0727,27
O0630,33
O0610,19
O0611,37
O0584,15
O0444,2
O0627,30
O0585,23
O0559,31
O0187,202
O0188,0
O0189,218
O0190,192
O0191,218
O0192,695
O0194,678
O0172,1169
O0173,1174
O0175,1170
O0174,1155
O0176,1173
O0177,1150
O0183,1173
O0181,1182
O0184,1135
O0185,85
O0209,956
O0210,13
O0652,0
O0655,78
O0666,27
O0654,216
O0656,15
O0797,15
O0434,173
O0472,8
O0658,24
O0760,29
O0725,1
O0825,18
O0782,0
O0809,14
O0808,17
O0810,3
O0668,33
O0284,31
O0744,0
O0745,27
O0743,0
O0775,2
O0220,204
O0223,12
O0392,8
O0224,208
O0225,214
O0230,38
O0394,0
O0231,217
O0232,209
O0237,11
O0393,4
O0238,222
M0642,2
M0647,45
M0648,0
M0649,0
M0643,11
M0645,21
M0644,4
M0646,32
O0734,21
O0763,35
O0528,0
O0529,17
O0650,22
O0673,0
O0253,457
O0779,13
O0683,37
O0682,15
O0632,14
O0259,452
O0649,47
O0660,28
O0532,38
O0556,0
O0465,39
O0265,35
O0266,37
O0270,122
Y0139,23
O0700,0
P4182,33
P0018,214
P0020,37
P0021,9
P0032,16
P0022,206
P0024,0
P1933,44
P0038,975
P0037,27
P4468,4
P4469,24
P4736,33
P4456,13
P4341,458
P4734,2
P4556,335
P4538,14
P4701,9
P4557,3
P4457,30
P4343,357
P4735,10
P4539,22
P4342,460
P4340,445
P4737,18
P4938,10
P4733,24
P4458,28
P4537,10
P4558,303
P4467,5
P2010,11
P2009,22
P2011,5
P2103,0
P2006,10
P2007,0
P0047,0
P4852,13
C1392,3
P4390,25
P3880,24
P3981,1
P3879,21
P0089,429
P0090,419
P0092,35
P0093,55
P1995,7
P1996,14
P4952,0
P4485,0
P3633,28
P3650,43
P4627,26
P4461,10
P4358,14
P4528,24
P4943,3
P4486,37
P4495,3
P3630,15
P3634,11
P3649,32
P4626,8
P4462,0
P4359,10
P4944,0
P4357,0
P4460,0
P3640,13
P3651,6
P4447,0
P4356,12
P4747,31
P4640,10
P4487,14
P4597,40
P4599,12
P4598,18
P4474,15
P3637,22
P3619,0
P3632,35
P3620,25
P3628,6
P3618,18
P3627,0
P3639,2
P3617,10
P3631,31
P3638,0
P4521,23
P4552,26
P4553,12
P4688,13
P4830,30
P4628,0
P3636,33
P4571,26
P3629,12
P4448,11
P4695,2
P4926,28
P4676,8
P4669,32
P4704,9
P4898,28
P4670,9
P4726,34
P4675,21
P4672,22
P4713,24
P4714,20
P4674,29
P4673,0
P4882,0
P4671,23
P0146,160
P0147,3
P0148,161
P0149,32
P0150,196
P3929,29
P4406,1
P4480,14
P4399,5
P4400,10
P4401,2
P4878,13
P4876,21
P4875,15
P4877,21
P3721,10
P3362,15
P4248,32
P4247,31
P4249,12
P4960,27
P4959,18
P4958,30
P4246,0
P4836,20
P4254,13
P4722,2
P4849,42
P2059,1
P3453,0
P4512,38
P4397,43
P4527,20
P3430,8
P4677,42
P4678,23
P3674,0
P3507,40
P4432,0
P3428,0
P3675,10
P3508,40
P4683,24
P4622,38
P4355,46
P4321,22
P4820,28
P4475,31
P4650,19
P4790,1
P4848,0
P4764,3
P4698,21
P4699,12
P4856,33
P4788,22
P4629,32
P4872,12
P4850,16
P4518,28
P4647,1
P4245,0
P4630,0
P4821,40
P4799,23
P4851,37
P4491,0
P4048,1
P4604,0
P4444,8
P4586,20
P4778,18
P4715,31
P4449,28
P4463,26
P3490,25
P4843,25
P4857,10
P4835,24
P4746,7
P4927,8
P4015,0
P4623,18
P4625,22
P4619,23
P4624,17
P4620,40
P4621,14
P4585,17
P4750,4
P4842,3
P4765,14
P4572,23
P4588,0
P4834,0
P4748,12
P4749,3
P4574,29
P4763,34
P4902,8
P4589,24
P4696,13
P4847,8
P4697,32
P4573,10
P4770,24
P4773,14
P4772,5
P4771,0
P4612,30
P4611,2
P3440,15
P3474,9
P3676,34
P3432,24
P4582,37
P4581,36
P4583,23
P3481,20
P3441,0
P4591,40
P3564,3
P4592,45
P3433,1
P4590,40
P3678,2
P3434,20
P4610,20
P3450,3
P3475,27
P4431,0
P4253,23
P3731,23
P3730,1
P3728,7
P4584,28
P3677,25
P3729,2
P3476,29
P4918,35
P4794,34
P4766,4
P4789,1
P4870,28
P4880,24
P3621,17
P4613,9
P4869,4
P4871,21
P4837,10
P4901,16
P4822,9
P4812,33
P4813,32
P4814,9
P4818,4
P4817,31
P4819,13
P4855,17
P4854,10
P4816,20
P4815,11
P4923,0
P4853,0
P4505,0
P4504,6
P4156,0
P4118,2
P4193,0
P4838,0
P4839,29
P4841,28
P4840,6
P4779,31
P4099,33
P3043,25
P0287,16
P4172,25
P3401,13
P4328,37
P4289,3
P0289,2
P4338,0
P4337,13
P4339,13
P4476,27
P0322,769
P4042,0
P0306,609
P0305,142
P0303,221
P0304,179
P0321,778
P2982,25
P0312,428
P0317,742
P0299,456
P0311,452
P0310,438
P0313,173
P0314,183
P3546,0
P3355,36
P0319,1954
P3734,2
P3669,17
P3780,0
P4493,32
P4333,147
P4332,180
P0318,751
P0298,438
P3421,0
P4652,20
P4781,1
P4651,31
P4536,0
P3402,23
P3666,45
P3667,31
P3665,1
P3668,12
P4473,38
P4327,4
P4349,29
P4348,27
P4373,2
P4501,15
P4500,19
P4503,7
P4502,11
P4499,11
P4498,24
P4517,3
P0434,14
P2051,25
P2052,21
P0435,13
P0436,22
P0437,35
P2992,26
P2995,19
P2994,0
P2993,42
P2991,0
P2996,15
P2701,20
P2699,14
P2700,13
P0439,941
P0443,949
P0444,33
P0446,202
P2589,21
P0447,218
P0458,81
P0459,104
P2591,84
P0461,1889
P0463,1920
P0464,1
P0465,1891
P0466,187
P2588,13
P4346,8
P4711,1
P4516,28
P0524,454
P0525,454
P0527,221
P4570,0
P2509,0
P3279,5
P0523,7
P2510,5
P0526,0
P3280,28
P3722,3
P4404,22
P4405,11
P0533,213
P0534,199
P4412,34
P4410,10
P4413,6
P4411,0
S6276,10
P3792,1998
P4038,102
P0540,188
P0539,573
P4786,5
P4787,22
P4694,1
P4269,30
P4271,4
P4270,16
P4378,19
P4515,10
P4754,36
P4864,4
P4709,26
P4807,0
P4387,4
P4383,5
P4386,3
P4755,16
P4805,36
P4379,41
P4725,31
J0430,1
K0227,38
K0230,9
P4863,7
P4381,13
P4382,24
P4827,40
P4615,31
P4617,30
P4809,2
P4829,20
P4811,0
P4710,23
P4808,8
P4739,28
P4738,0
P4420,37
P4514,20
P4860,0
P4614,32
P4802,3
P4801,0
P4616,0
P4803,45
P4804,0
P4384,18
P4385,12
P4380,28
P4806,20
P0545,18
P4389,0
P4751,8
P4712,18
P4415,0
P0549,19
P4784,15
P4810,4
P2231,18
P4416,7
P4036,37
P4752,2
P4753,11
P4443,21
P4442,9
P4274,6
P4272,26
P4273,30
P2930,11
P0562,444
P4072,0
P4235,0
P4236,3
P4947,2
P2776,11
P3572,4
P3573,25
P4131,17
P4130,25
P3184,8
P3183,37
P2064,9
P0578,1
P4776,11
P4775,7
P4777,13
P4774,28
P4602,7
P4603,37
P4866,17
P4946,0
P4440,0
P4524,27
P2777,11
P2755,12
P0568,27
P0588,2
P2810,3
P2723,0
P0575,36
P0582,0
P4706,34
P3834,7
P4731,32
P4041,30
P4950,15
P4071,4
P4318,5
P4394,32
P4395,18
P4396,14
P4645,1
P4700,10
P4026,1
P4027,2
P4937,34
P0572,1
P0576,0
P4953,27
P4035,45
P3805,5
P4684,37
P4896,20
P4895,9
P4691,37
P4692,15
P4655,16
A2606,24
P4649,0
P4534,41
P4533,19
P4277,26
P4693,15
P4705,7
P4232,17
K1297,100
P4861,28
P4459,2
P4244,9
P4324,0
P4900,15
P4795,8
E1637,29
P4681,31
P4319,15
P2015,1
T0487,3
P4575,32
P4576,30
P4529,0
P4530,2
P4295,0
P4296,0
P4297,30
P4294,3
P4314,34
P4402,17
P4313,3
P4363,33
P4364,0
P4936,0
P4661,28
P4662,34
P4663,25
P4267,0
P4268,5
P4897,32
P4366,18
P4367,26
P4311,2
P4312,13
P4414,10
P4868,26
P4907,25
P4287,23
P4904,28
P4905,40
P4903,0
P4909,31
P4285,16
P4286,5
P4908,30
P4934,10
P4911,33
P4910,7
P4913,7
P4906,0
P4935,30
P4284,34
P4915,0
P4282,0
P4912,0
P4283,4
P4914,0
P4917,4
P4916,22
P4559,19
P4886,21
P4657,41
P4658,7
P4656,13
P2233,23
P4315,16
P2543,11
P2234,12
P4470,43
P4471,8
P2427,18
P2236,27
P4549,7
P4436,0
P4438,0
P4437,3
P4439,9
P4540,2
Y0325,23
P3894,29
P3893,5
P3980,10
P4368,5
P4369,21
P2984,18
P0736,19
P0737,0
P4316,32
P0743,18
P4452,0
P3416,9
P4550,7
P4451,30
P0639,10
P0640,19
P0631,30
P0643,0
P0747,12
P0748,13
P3968,0
P4680,8
P0766,0
P4310,0
P4309,5
P3759,41
P4308,7
P4306,1
P4304,5
P4305,10
P4307,30
P0822,49
P2893,10
P4303,15
P4679,13
P4732,18
P0781,0
P0657,38
P0659,39
P0654,25
P0661,24
P0658,17
P0675,28
P0656,33
P0660,0
P0647,33
P0648,23
P0651,9
P0669,26
P1945,1
P4362,8
P0667,0
P0668,11
P0670,0
P0672,37
P0673,19
P0674,14
P0676,42
P4490,23
P4525,0
P0677,8
P0678,33
P4945,0
P0831,1
P3814,3
P4278,29
S2523,190
P4398,27
P3866,17
P4879,0
P4298,30
P4281,37
P4301,8
P4261,30
P4259,21
P4260,2
P4371,8
P4372,48
P4370,13
P0865,922
P0861,195
P0870,196
P3233,3
P3232,15
P0872,440
P3825,20
P4723,18
P4761,2
P4844,5
P4845,17
P1676,78
P2119,18
P4703,4
P4894,23
P4535,28
P2126,29
P4507,10
P4441,12
P1611,20
P1612,15
P0876,189
P0878,27
P0880,206
P0882,38
P0877,27
P0879,18
P1847,0
P0883,29
P4564,3
P4523,26
P4881,2
P4565,14
P2132,29
P2133,24
P2134,0
P2131,0
P4638,0
P4635,14
P4634,38
P4637,14
P2128,29
P2130,24
P2129,39
P4562,5
P4563,16
P1675,91
P2196,6
P2206,31
P2208,15
P2200,29
P2191,0
P0887,210
P0885,0
P2165,0
P2166,36
P2168,5
P2933,15
P3574,14
P1613,19
P4579,9
P1691,81
P1692,86
P1709,59
P1695,220
P1698,191
P1699,218
P1700,218
P1701,180
P1702,226
P1703,194
P1696,210
P1711,85
P1712,223
P1713,87
P1705,196
P1706,73
P1708,103
P1710,202
P1615,91
P3350,18
P4445,8
P1715,18
P1714,27
P1721,36
P4488,30
P4832,21
P0894,11
P4833,0
P4207,0
P3781,21
P3316,31
P4782,3
P4783,27
P3800,6
P3801,28
P3494,46
P2897,4
P0895,16
P4279,3
P2568,0
P0901,67
P4262,30
P4275,19
P4276,16
P0910,0
P2481,8
P0911,1
P2630,29
P0914,31
P0916,363
P4831,0
P2738,38
P4865,33
P4887,26
P4888,17
P4344,28
P4345,18
P0946,445
P4796,0
P4100,16
P4797,30
P3282,25
P3083,10
P4846,0
P4424,25
P0949,162
P0962,203
P0965,24
P3645,0
P0967,570
P0968,556
P0991,12
P0993,445
P0998,451
P1005,26
P1006,16
P1008,424
P1036,458
P3274,3
P4280,0
P4011,5
P4317,27
P4724,3
P4666,16
P1056,4
P1059,0
P1062,19
P1061,43
P4302,18
P4885,0
P4266,0
P4641,30
P4290,18
P4299,14
P4265,19
P4566,28
P0500,22
P0481,23
P0483,14
P4128,11
P0485,35
P0484,13
P4408,23
P4472,18
_x0002_0001,28
P4716,16
P0482,25
P0487,37
P0515,921
P0492,25
P0490,939
P0491,901
P0493,30
P0494,45
P0497,32
P0498,21
P0499,31
P4954,6
P4360,14
P4426,0
P4129,21
P4580,7
P4568,19
P4567,35
P4685,31
P0504,0
P0507,26
P0508,23
P0505,15
P0506,23
P0509,27
P4800,39
P4322,26
P0502,34
P4708,0
P4707,7
P0510,12
P0512,1
P0513,22
P0514,4
P4554,12
P2675,16
P2209,31
P3438,45
P4828,43
P4237,13
P4409,42
P4241,14
P4350,4
P3787,21
P3892,1
P4239,4
P4238,0
P4561,17
P4560,2
P4867,2
P4234,36
P3695,0
P3696,974
P1078,1
E0881,0
P3373,25
P3496,7
P1070,458
P3203,1
P3160,5
P2881,8
P2999,15
P4240,103
P4924,3
P4925,7
P1071,433
P4243,0
P4242,32
P4785,21
P4433,28
P4548,26
P4331,33
P4874,33
P4859,0
P4506,10
P4428,15
P4422,16
P4767,38
P4759,16
P4757,32
P4758,27
P4393,25
P4434,12
P4430,39
P4435,34
P4899,2
P4743,22
P4325,37
P4665,8
P4664,16
P4768,8
P4791,7
P4329,0
P4446,15
P4330,12
P4421,0
P4391,9
P4300,0
P4513,7
P4494,19
P4496,46
P4450,24
P4392,3
P4741,41
P4742,3
P4423,9
P4326,44
P4429,22
P4323,99
P1094,133
P1095,118
P3234,2
P4425,22
P1893,1
P1099,977
P4062,13
P1889,39
P4165,32
P4142,6
P4884,18
P4522,19
P1886,8
P4531,15
P1890,8
P1106,441
P4288,0
P1108,26
P4465,8
P4466,23
P1109,458
P1116,22
P1107,460
P1118,15
P4057,38
P4052,3
P4051,32
P4049,34
P4056,1
P4050,37
P4054,0
P4055,7
P1123,387
P4718,3
P4601,25
P4509,2
P4510,7
P4756,4
P4508,11
P4511,15
P4717,16
P4606,13
P4607,15
P4646,37
P1125,17
P1126,1
P1127,200
P1128,4
P1129,80
P1134,187
P1135,13
P1136,3
P1139,207
P1140,215
P1141,220
P1142,222
P1133,13
P4939,19
P4292,18
P4291,5
P4083,0
P4159,6
P4760,2
P4721,37
P4263,0
P4719,8
P4264,0
P4720,27
P4293,19
P3258,11
P3259,0
P2661,32
P2600,0
P2602,19
P1485,13
P1486,0
P1489,28
P1483,18
P1488,13
P4547,0
P4546,0
K0197,224
P3267,35
K0196,24
P4403,35
P4631,5
P4632,1
P3713,0
P3622,3
P3712,20
P3623,28
P4205,8
P3091,22
P1856,29
P4644,2
P4643,11
P4545,3
P4544,26
P4642,3
P4543,25
P1215,0
P1216,13
P1218,0
P1224,211
P1225,183
P1226,195
P1217,9
P1223,22
P2935,11
P4587,3
P2451,7
P4600,6
P4497,0
P4206,6
P4116,21
P1229,451
P1235,207
P1236,221
P1243,908
P1241,449
P1246,3
P1244,0
P1248,28
P4153,10
P3924,5
P1245,459
P4858,16
P4930,25
P4745,573
P1306,23
P1291,24
P4477,0
P4481,550
P4479,23
P4889,32
P4482,566
P4250,27
P4252,20
P4483,18
P4484,14
P4251,0
P4478,577
P4608,37
P4609,0
P4256,5
P4257,21
P4255,10
P4258,4
P1319,1404
P1320,1383
P1321,33
P4690,32
P4605,34
P2531,33
P4648,2
P4873,12
P4008,0
P4007,24
P4892,2
P4596,16
P4702,26
P4320,22
P4025,33
P4551,0
P1341,459
P1357,4
P1359,61
P1346,28
P1347,3
S4614,27
P1355,28
S4612,31
S4632,21
P1379,428
P1374,426
P1380,6
P1370,216
P1375,206
P1383,10
P1377,12
P1362,448
P1376,0
P1378,0
P1366,34
P1384,15
P1404,214
P2473,15
P4883,24
P4957,26109
P4956,18
P4633,15
P2619,16
P4005,17
P4578,29
P4196,25
P4668,23
P4216,17
P1447,13
P1446,228
P1423,21
P1424,20
P1426,453
P1427,3
P1428,454
P1425,30
P1419,43
P1418,29
P1436,0
P1438,1
P1437,0
P1435,30
P1439,18
P3706,2
P3707,0
P4212,3
P1440,13
P1441,0
P1442,41
P4214,3
P1421,1
P4365,27
P4218,16
P1449,12
P1448,0
P1450,17
P1451,0
S2888,18
S2889,33
S2890,6
P4667,33
P4618,5
P4682,15
P2530,17
P4195,26
P1456,919
P1457,440
P4347,17
P1458,437
P4453,32
P4542,15
P4541,14
P4492,21
P4686,18
P4687,30
P4455,2
P4780,9
P4454,0
P1455,974
P4388,22
P1460,468
P1461,453
P1462,438
P2479,50
P2480,21
P1463,22
P4659,14
P4660,22
P3758,20
P4427,26
P4744,0
P4762,4
P4353,16
P4351,30
P4352,2
P4336,34
P4334,30
P4335,1
P4689,25
P4520,2
P4519,1
P4653,30
P4374,24
P4792,14
P4793,21
P4377,2
P4375,24
P4376,8
P4417,16
P4949,44
P4922,1
P4919,33
P4929,28
P4928,13
P4920,24
P4921,0
P4941,0
P4940,1
P4942,0
P4577,30
P4361,26
P4418,0
P4419,36
P4729,7
P4730,4
P4728,26
P4932,3
P4933,36
P4931,41
P4727,13
P4948,0
P1532,20
P1855,2
P1543,1
P2241,9
P2665,22
P2012,27
P1978,16
P1545,21
P1534,13
P2872,19
P2240,20
P2666,0
P1536,28
P1537,29
P1535,45
P4890,30
P4891,34
P2551,24
P1556,25
P1525,14
P1526,0
P2550,24
S3109,6
S3108,18
S3107,13
P4087,12
P4088,13
P4086,6
P4769,8
P4639,21
P1570,13
P3170,1
P1578,2
P1579,19
P1580,40
P4595,26
P4594,16
P4593,6
P4407,1
P4654,29
P4825,22
P4823,10
P4824,31
P4826,15
P4034,11
P1589,26
Q0086,25
Q0100,22
Q0120,45
Q0118,15
Q0096,0
Q0121,11
Q0119,41
Q0095,23
Q0094,26
Q0116,0
Q0117,36
Q0123,17
Q0126,10
Q0125,0
Q0090,30
Q0114,0
Q0091,26
Q0112,26
Q0113,11
Q0110,1
Q0122,31
Q0111,25
Q0128,27
Q0127,0
Q0107,25
Q0103,9
Q0098,9
Q0115,1
Q0106,16
Q0105,33
Q0129,25
R1764,4
R0026,20
R1547,84
R1691,33
R0020,16
R0726,0
R0022,19
R0025,2
R0023,103
R0724,37
R0765,3
R0725,6
R0723,7
R0027,221
R1595,15
R1655,35
R0984,36
R1609,26
R1844,22
R1880,33
R0037,668
R0038,970
R0699,0
R1596,18
R1849,34
R1594,13
R0039,13
R0040,5
R1794,11
R1785,3
R1793,11
R0636,12
R0045,23
R0043,30
R0044,36
R1190,0
S4157,18
R0050,31
R0049,33
R0911,26
R0041,0
R0042,28
R1878,16
R0532,14
R1588,29
R1587,0
R0925,26
R1052,26
R1846,27
R0811,27
P2751,9
R1847,0
K2692,7
R0079,14
R1658,18
R1010,20
R1219,22
R1696,36
R1733,24
R1437,5
R1442,6
R1435,16
R1913,26
R1912,10
R1574,0
R1572,23
R1575,37
R1573,28
R1858,31
R1767,4
R1869,0
R1804,16
R1682,7
R1684,19
R1861,10
R1683,3
R1856,32
R1825,37
R1801,6
R1624,23
R1126,44
R1726,30
R0843,6
R1742,1
R1795,29
R1625,5
R0844,11
R1796,2
R1701,23
R1532,31
R1652,15
R1836,31
R1848,14
R1650,15
R1651,3
R1649,5
R1892,34
R1893,24
R1821,9
R1903,0
R1777,23
R1662,28
R1766,0
R1751,0
R1508,23
R1870,34
R1867,33
S7474,31
R1866,15
R1656,4
R1887,23
R1862,0
R1287,19
R1622,28
R1391,0
R1741,12
R1734,30
R1758,0
R1281,1
R1675,21
R1744,0
R1735,38
R1623,15
R1284,36
R1725,20
R1676,26
R1282,24
R1716,36
R1283,28
R1285,4
R1286,20
R1674,15
R1717,27
R1899,23
R1902,16
R1828,4
R1613,23
R1740,24
R1705,25
R0812,39
R1620,24
R1296,23
R1297,33
R1124,5
R1295,19
R0787,26
R1293,23
R1704,38
R1436,14
R1768,1
R1416,0
R1429,35
R1430,28
R1389,15
R1743,12
R1721,23
R1719,34
R1291,37
R1289,0
R1290,34
R1292,25
R1718,26
R1720,32
R1895,19
R1900,23
R1894,4
R1898,0
R1914,22
R1891,27
R1901,32
R1879,15
R1820,0
R1280,33
R1915,4
R1294,32
R1834,13
R1829,29
R1288,0
R1621,24
R1306,20
R1833,37
R1851,24
R1897,27
R1896,0
R1837,0
R1838,30
R1839,14
R1907,22
R1857,16
R1417,8
R0150,367
R0152,368
P0609,37
R1911,25
R1510,30
R0157,4
R1497,23
R1544,1
R1499,12
R1546,7
R1507,15
R1543,3
R1498,21
R1545,18
R1817,0
R1819,8
R1818,17
R1822,14
R1824,36
R1823,0
R0159,213
R0160,207
R0161,201
R0611,3
R1141,14
R1142,22
R0162,222
R0163,208
R0164,221
R0548,27
R1826,19
R1679,28
R1680,35
R1560,32
R1603,16
R1602,1
R1530,0
R1610,0
R1255,6
R0608,13
R0595,25
R0609,19
R0612,7
R1423,2
R0809,33
R0620,19
R0622,34
R0618,27
R0607,0
R1422,4
R0837,15
R1638,34
R1637,11
R1632,20
R1471,13
R1775,0
R1776,29
R1789,14
R1657,19
R1542,14
R1668,18
R1747,2
R1748,19
R1808,17
R1772,30
R1709,3
R1865,1
R1908,12
R1752,1
R1635,15
R1636,10
R1633,4
R1663,20
R1659,0
R1642,19
R1653,7
R1654,18
R1643,7
R1450,7
R1449,16
R1451,19
R1888,19
R1646,15
R0621,29
R0606,16
R0610,15
R1374,31
R0808,30
R0596,0
R1722,25
R1723,3
R1797,3
R1664,32
R1883,15
R1645,30
R1634,26
R1754,20
R1757,41
R1755,20
R1753,15
R1756,11
R1885,5
R1698,0
R1788,12
R1695,24
R1541,14
R1703,1
R1540,19
R1669,25
R1631,22
R1629,22
R1630,17
R1628,28
R1778,10
R0275,0
R1693,49
R1600,0
R0567,14
R1590,16
R1589,26
R1586,24
R1585,0
R1583,0
R1584,34
R1582,10
R1561,38
R1592,19
R1591,25
R1593,24985
R1098,0
R1097,0
R1113,17
R1083,3
R1081,6
R1079,7
R1080,23
R1082,0
R1106,11
R1599,16
R0280,561
R0551,18
R0281,570
R0562,31
R0282,266
R1677,0
R1211,31
R0284,152
R0285,161
R0286,151
R1665,12
R1694,0
R1458,5
R1667,4
R1666,20
R1690,25
R1598,32
R1580,0
R1581,14
R1840,23
R1805,40
R1673,2
R1671,13
R1670,12
R1779,0
R1708,6
R1707,6
R1736,4
R1809,26
R1737,21
R1877,33
R1745,41
R1864,12
R1806,0
R1597,31
R1761,17
R1855,3
R1746,0
R1739,0
R1738,21
R1909,19
R1728,11
R1771,28
R1578,38
R1727,24
R1814,0
R1802,23
R1860,17
R1859,0
R1732,19
R1731,39
R1706,33
R1784,48
R1749,30
R1729,11
R1730,12
R1863,23
R1868,19
R1886,36
R1884,30
R1700,1
R1699,41
R1841,35
R0308,16
R1782,2
R1783,33
R1781,0
R1570,37
R1617,11
R1627,19
R1644,3
R1827,43
R1750,12
R1640,8
R1647,26
R1618,0
R1567,42
R1503,22
R1470,29
R1774,1
R1763,5
R1786,14
R1773,13
R1762,37
R1832,15
R1506,0
R1639,15
R0335,9
R1791,19
R1830,29
R1792,40
R1800,1
R1831,7
R1616,450
R1648,2
R1787,28
R1835,34
R1812,11
R1813,12
R1473,38
R1421,3
R1569,192
R0343,427
R0344,27
R0348,215
R0352,13
R1710,0
R1713,19
R1714,13
R1551,0
P2558,1
R1439,35
R0983,20
R0979,4
R0363,212
R0364,216
R1516,24
R1681,12
R0370,31
R0371,17
R0368,150
R0369,7
R1807,22
R1687,39
R1685,0
R1686,19
R1688,31
R1689,25
R1853,0
R1854,9
R0842,28
R0896,0
R1156,20
R1692,17
R0387,212
R1604,3
R1780,13
R1619,30
R1881,3
R1661,26
R1660,31
R1615,13
R0956,67
R0710,28
R1614,49
R1843,14
R1605,17
R1816,28
R1842,2
R1815,3
R1611,31
R1612,38
R1606,41
R1607,1
R1608,3
R1571,34
R0401,315
R0670,5
R1228,12
R1601,4
R0407,20
B1096,1389
R1811,42
R0415,0
R1790,15
R1810,13
R1890,22
R0660,47
R0416,19
R1702,14
R1889,20
R1769,38
R1770,15
R1799,1
R1803,29
R1798,34
R1910,5
R1712,38
R1711,30
R1005,21
R0968,39
R1904,36
R1845,0
R0439,20
R0437,380
R1438,30
R1765,17
R1724,17
R1576,25
R1577,27
R1715,12
R0500,1
R1759,11
R1760,0
R0509,0
R0510,664
R1077,1
R1050,0
R1850,7
R1882,23
R1697,8
R1094,35
R1852,2
R1672,20
R1871,13
R0796,35
R1059,11
R1678,20
R1905,0
R1906,30
R1873,14
R1872,9
R1876,19
R1875,17
R1874,35
R0519,213
S7148,0
S2009,1
S2018,17
S6861,17
S6858,21
S6863,3
S6862,0
S6860,10
S6859,1
S6865,17
S6864,15
S6425,0
S6424,42
S3788,37
S7481,8
S7490,25
S5978,12
S5977,13
S7289,30
S7538,18
S7513,25
S7178,2
S7485,16
S7537,19
S7506,32
S7511,25
S6296,21
S6297,23
S6991,27
S6992,33
S6988,20
S6987,24
S7620,0
S1665,10
S7447,24
S4478,0
S6998,0
S6997,28
S6995,32
S6994,27
S6996,11
S7443,1
S7444,2
S7231,21
S4476,23
S6993,42
S1705,0
S6990,5
S4475,0
S6974,30
S6973,11
S6976,27
S6975,0
S6989,19
S6985,24
S6986,34
S6984,22
S6982,20
S6983,14
S6981,33
S1797,0
S6980,5
S6979,14
S7458,17
S7446,10
S6966,0
S5326,33
S5110,38
G0479,18
S7060,2
S6931,18
S6930,23
S7018,43
S7243,23
S7242,0
S6933,22
S6932,3
S6934,0
S7032,21
S7279,35
S7281,25
S7280,39
S7282,9
S6905,17
S6904,31
S6906,19
S6908,0
S6907,25
S6900,14
S6901,16
S6903,8
S3238,1
S4228,26
P1120,100
S1337,74
S1332,79
F0560,17
S3236,23
S3911,1
S1338,74
S3235,15
B1097,28
S1336,31
N0058,198
S3234,30
P1121,224
S1125,196
S4200,8
S3376,32
S0431,76
S0436,78
S0435,19
S0437,7
S0440,1796
S0496,37
S0499,91
S0500,392
S0498,1763
S4248,46
S4250,22
S7483,0
P3580,0
S0449,5
S0450,19
S0451,29
S0446,11
S0447,96
S0448,2
S0460,16
S0458,18
S0459,8
S0461,31
S0462,3
S0463,16
S0455,1
S0453,45
S0454,2
S0456,0
S0457,23
S0464,26
S0467,19
S0465,25
S0466,8
S0468,25
S0469,32
S0470,18
S0472,201
S0481,222
S0471,26
S0473,37
S0474,5
S0475,16
S0478,13
S0476,102
S0479,31
S0480,25
S0477,96
S0482,102
S0484,27
S0485,18
S0486,16
S0487,5
S0483,6
S0488,31
S0489,27
S0490,21
S0491,0
S0492,0
S0493,4
S0494,19
S6855,17
P0623,0
P0624,26
P0625,7
P0626,19
P0615,75
P0616,102
P0618,71
P0617,81
S7566,34
S7565,26
S4346,2
S5926,0
S4345,456
S4348,455
S4347,32
P0619,0
P0620,445
P0621,23
P0622,464
S5855,7
P0627,2
P0628,7
P0629,1
P0630,6
S2038,71
S2039,67
S4487,17
S2040,82
S2041,93
S2042,72
S1139,89
S1141,76
S4623,4
S1143,110
S1138,108
S1142,37
S1144,465
S1145,462
S1147,453
S1146,11
S6806,18
S5283,29
S5352,0
S2043,26
S2037,431
S2045,445
S2046,456
S2044,437
S4489,0
S2048,210
S1157,6
S1158,202
S6667,2
S4488,0
S1159,213
S1160,11
S1161,205
S4485,1
S4484,14
S4486,36
S4020,36
S4018,13
S4019,24
S4021,9
S4017,16
S4016,27
S5382,19
S0724,0
S0725,70
S0726,40
S0720,78
S0721,24
S0727,13
S0728,101
S0729,73
S7556,0
S0722,17
S0723,6
S6081,26
S6082,0
S6099,24
S6772,2
S6734,7
S6298,0
S7558,3
S7559,0
S3774,4
S7613,29
S7612,9
S6695,8
S6257,6
S6682,15
S0544,14
S3446,4
S0549,5
S0550,2357
S0551,935
S0552,924
S7373,19
S7418,21
S7420,11
S7417,0
S7419,30
S3980,0
S4807,10
S3978,6
S4806,12
S3979,12
S3977,0
S6722,16
S0566,0
S7515,24
S0567,0
S0568,36
S0569,31
S0570,35
S0571,3774
S0572,30
S0573,2983
S0574,5
S0575,363
S0576,41
S0577,386
S6176,0
S3588,30
S0580,212
S0581,225
S0582,231
S0579,200
S0586,215
S6868,9
S6869,1
S7107,2
S0589,131
S0591,25
S0592,29
S7182,12
S6692,26
S7251,14
S0611,191
S0612,0
S7583,4
S6378,34
S3295,3
S6221,37
S5711,47
S6175,28
S7181,35
S7534,30
S7572,10
S7533,18
S7318,8
S6791,0
S7319,28
S6713,21
S6942,28
S7137,0
S6870,11
S7233,8
S7232,23
S6833,25
S7597,7
S7345,40
S7315,0
S7316,42
S7314,21
S7317,15
S6680,0
S6956,8
S7540,1
S7159,8
S7160,12
S6511,31
S6815,1
S0631,344
S3322,0
S6008,0
S6017,19
S6007,14
S0637,1256
S0638,179
S0640,179
S6704,0
S6730,10
S6705,0
S6731,10
S6732,15
S6174,14
S0642,472
S4894,15
S4893,43
S3771,48
S0649,12
S7198,2
S7199,15
S4286,12
S0662,21
S0661,7
S7349,26
S7348,11
S4794,14
S0668,212
S0669,84
S7301,27
S7048,5
S0673,215
S0674,2
S0675,15
S0676,4
S6743,2
S5345,20
S5344,39
S6785,10
S5637,5
S6787,14
S6786,33
S5502,27
S5504,11
S5505,13
S5503,45
S4173,0
S4448,0
S0679,15
S0680,12
S0681,0
S4362,2
S4315,167
S4685,4
S4243,199
S4242,38
S4244,1
S0711,931
S6824,77
S7354,38
S5261,21
S7449,43
S7371,0
S7441,17
S7415,20
S7304,2
S7526,0
S7343,45
S6953,1
S7440,39
S6872,26
S6874,20
S7355,25
S7342,14
S7329,0
S7523,11
S7524,8
S6826,41
S7330,3
S7525,22
S6875,36
S7115,20
S7114,15
S4753,104
S7535,0
S6825,7
S7536,10
S7489,27
S6798,25
S6819,22
S6959,1
S6958,37
S7321,13
S7320,25
S7019,13
S6892,7
S7356,20
S7357,4
S0738,3
S3572,22
S0741,402
S0742,9
S0743,15
S0744,25
S7062,0
S7492,12
S7493,0
S7402,23
S7065,4
S7527,26
S7063,0
S7325,21
S7064,27
S7457,15
S7324,13
S7323,20
S6972,31
S6971,7
S7095,21
S7067,5
S7445,20
S7066,0
S6969,26
S6970,42
S6968,26
S7494,34
S7307,12
S7616,3
S7611,8
S6748,3
S6679,36
S6694,27
S7276,11
S0768,133
S0769,136
S5553,43
S5554,28
S7581,0
S7149,32
S7412,40
S7411,1
S7586,31
S7008,0
S7093,28
S6914,31
S4763,0
S0791,21
S0792,911
S0794,454
S5945,16
S4339,2
S5796,40
S5845,2
S6130,32
S0797,2364
S0798,229
S0801,191
S0802,4791
S7358,4
S7102,32
S0805,0
S0806,685
S6159,2
S7179,19
S7359,10
S7360,23
S7097,12
S7296,3
S7180,10
S0800,18
S0812,948
S0813,952
S7058,0
S0815,444
S0816,455
S7228,1
S7027,8
S7028,0
S7399,32
S7061,11
S0818,23
S7264,16
S7017,16
S7551,8
S7552,22
S3263,18
S7550,20
S3264,21
S0804,8
S6685,22
S5458,19
S7516,487
S5903,31
S5649,44
S6190,12
S5575,5
S6189,18
S6188,39
S5648,0
S5576,0
S5578,19
S5577,14
S5579,4
S6077,36
S6417,98
S6416,0
S6419,15
S6421,7
S6418,24
S6230,0
S6420,33
S6514,24
S6513,16
S6610,0
S6131,0
S6608,30
S6057,32
S6058,44
S6056,0
S6062,26
S6059,0
S6060,24
S6061,19
S6965,24
S5972,14
S5971,23
S7036,4
S0870,20
S0873,1
S0874,29
S0876,25
S0877,36
S0872,30
S0881,6
S0882,31
S7168,5
S7169,16
S0518,12
S7170,23
S0521,16
S0519,17
S4704,19
S0522,14
S0520,44
S6757,0
S6759,31
S0523,4
S0524,6
S0525,4
S4566,36
S0526,12
S0527,21
S6758,9
S7172,32
S7173,11
S0528,2
S7171,5
S0529,38
S0530,0
S4686,0
S0531,10
S0532,24
S6804,0
S6805,1
S6802,26
S6803,17
S6961,30
S5396,0
S5741,13
S5394,9
S5393,38
S5401,26
S5404,2
S5403,5
S5402,17
S7450,0
S5398,24
S5400,11
S5405,1
S5407,27
S5406,22
S5391,0
S5392,36
S5564,9
S7138,14
S0918,932
S7431,24
S7250,27
S7249,7
S0949,8
S0950,23
S0937,47
B0765,22
J0616,130
S4084,35
S5027,0
K1019,44
S1662,19
K1020,9
P0531,758
P0536,25
S0997,32
S5028,7
S3801,22
S3802,15
S4138,24
S3593,0
S7406,21
S7286,4
S3733,8
S7099,14
S7287,0
S3996,13
S4051,2
D1049,27
S3596,24
S4329,34
S7405,7
S4602,0
S7098,11
S4159,15
S3997,9
S3866,21
S3938,6
S3790,17
D1050,27
S4023,5
S5778,30
S0964,454
S4939,0
S0966,17
S7270,1
S7269,38
S6809,14
S7230,0
S6737,13
S6738,18
S6739,20
S6712,22
S6711,23
S6710,18
S6822,0
S6821,26
S7437,22
S7528,25
S6820,37
S7529,26
S6823,11
S0983,27
S0985,941
S7140,0
S7139,10
S7091,31
S7092,11
S7090,5
S7452,30
S0992,14
S0993,6
S0994,7
S6620,0
S6622,23
S6810,17
S7005,1
S6830,30
S5936,0
S5935,17
S1008,34
B1276,32
B1277,22
B1278,30
B1279,17
F0567,25
F0566,11
S4193,18
S4589,38
S4756,22
S3204,35
S4742,22
T0790,434
S3939,29
T0791,467
S3658,10
S3761,0
T0795,29
T0792,5
T0793,469
S3883,24
T0794,415
S3575,9
S3884,23
T0797,351
S3870,10
T0796,367
S4755,39
T1317,15
S5956,24
S1021,11
S3885,50
S5954,83
S5953,60
S1022,58
S1023,0
S7077,13
S7078,4
S7069,14
S7070,14
S6619,13
S6793,24
S7338,25
S7339,20
S7337,4
S7336,13
S1030,185
S1031,47
S1032,226
S7585,34
S4966,15
M0955,25
S6697,33
S6696,0
S5316,23
S6835,61
S6725,27
S6724,25
S6723,29
S7385,43
S7260,12
S6751,2
S6750,13
S6761,39
S7002,28
S7381,14
S6831,70
S6912,30
S6910,26
S6913,33
S6911,1
S6703,1
S5285,2
S5284,15
S6702,30
S7430,37
S7519,3
S7619,4
S5820,28
S6837,20
S5821,16
S6839,2
S5819,0
S6838,0
S7615,21
S7484,11
S7234,19
S7491,6
S7555,2
S7309,15
S7290,16
S7549,4
S7548,9
S6797,11
S6796,29
S5818,13
S7312,15
S7310,36
S7311,0
S7313,0
S7147,41
S6834,44
S7475,17
S7423,19
S7034,32
S7088,28
S7604,15
S7156,8
S7407,19
S7409,26
S7408,36
S7584,11
S6762,4
S7512,40
S7476,24
S7507,14
S7508,29
S7504,9
S6763,7
S3258,0
S1184,441
S1185,178
S7502,4
S7522,0
S7466,37
S7500,49
S7501,34
S1187,943
S1189,439
S1192,224
S7378,25
S1194,32
S1196,17
S1198,453
S1199,433
S0001,1
S1202,8
S7469,23
S7498,21
S6776,57868
S7335,0
S6775,4
S3217,41
S1205,942
S1206,948
S1209,10
S1207,431
S1208,0
S1210,13
S1211,188
S1212,221
S7496,21
S7495,0
S7208,21
S7210,29
S7209,21
S7582,30
S7497,42
S1213,933
S7347,23
S1214,4
S7346,5
S4270,0
S4269,29
S4271,0
S7455,17
S7453,38
S7454,39
S7435,28
S7434,0
S7433,0
S7569,16
S1217,918
S1219,60
S1218,909
S1220,31
S1221,918
S1216,955
S7487,2
S7467,42
S7468,9
S7589,3
S7588,33
S7379,0
S7368,20
S1222,910
S1223,419
S7567,35
S3342,2
S3540,0
S3343,0
S7432,26
S7557,16
S7217,16
S7164,17
S7165,17
S7166,10
S7167,10
S7031,4
S6792,0
S5587,0
S5588,0
S5586,34
S5633,26
S7050,14
S7051,27
S7053,1
S7052,26
S7055,1
S7054,18
S4626,7
S4417,22
S4495,15
S4494,0
S4327,22
S1237,0
S1239,31
S1240,24
S1241,36
S1242,26
S5180,12
S1230,0
S1257,21
S1258,0
S1259,16
S1260,33
S5268,1
S1262,49
S1263,6
S1264,2
S7041,11
S7040,12
S7039,12
S6132,0
S7190,37
S7573,9
S5532,1
S5531,18
S5534,27
S5538,49
S5535,33
S5530,6
S5529,28
S7126,25
S7267,0
S5533,0
S6728,12
S7121,31
S5511,15
S7125,3
S5512,22
S7082,19
S5510,1
S7505,29
S5526,18
S7364,3
S7188,12
.0001,10
S6846,0
S7128,7
S5528,0
S7189,39
S7462,8
S7127,10
S7482,10
S7122,14
S7123,32
S7124,8
S6849,21
S6850,29
S7187,20
S6851,22
S6852,17
S5519,30
S6853,1
S7094,41
S7531,13
S7081,24
S5536,0
S5537,25
S6848,6
S7085,0
S7517,9
S7532,18
S5552,22
S5539,3
S5542,30
S5544,33
S5545,10
S5541,16
S7087,27
S6133,36
S7248,29
S5540,19
S5543,21
S7086,9
S7607,19
S7622,6
S7608,20
S3481,15
S3480,13
S3479,23
S6898,27
S6899,8
S3478,20
S3477,2
S3693,31
S7539,14
S1305,27
S3221,20
S3222,2
S7183,31
S7297,47
S1306,12
S3220,41
S3213,12
S1536,33
S1308,16
S1302,0
S7266,6
S7265,4
S7486,0
S3647,2
S5170,37
S5151,0
S6726,35
S6727,7
S6729,22
S6896,22
S6897,8
S7394,11
S7395,19
S7393,0
S3645,25
S1303,16
S1304,0
S7361,12
S7363,6
S7362,32
S6841,0
S6844,9
S6845,32
S6843,11
S6842,0
S5989,327
S5990,34
S1309,37
S1310,344
S7255,9
S1311,329
S7174,5
H1167,0
S7256,18
S7257,12
S7258,14
S6677,23
S7253,0
S5987,19
S6681,0
S5988,41
S6550,3
S6152,36
S6101,0
S6150,28
S6102,0
S6148,29
S6149,14
S6151,20
S6147,22
S1392,102
S1395,88
C1865,31
S1393,80
C1862,92
S1394,83
C1864,5
C2698,0
C1863,0
S1416,448
S1433,98
S1419,25
S1420,204
S1423,219
S1424,201
S1406,39
S1407,48
S1430,211
F0404,10
S5691,10
S1427,108
S1428,0
S1431,11
S7259,0
S1434,1
S1435,5
S1414,14
S1415,225
S1417,2839
S1418,2850
S5928,30
S1439,0
S5357,10
S4136,25
S4033,14
S3936,16
S1444,16
S6963,21
P0584,33
P0586,16
S3937,30
P0585,0
P2407,29
S1410,2859
S7472,9
S7473,21
S6766,30
S5562,3
S7327,2
S7554,0
S6700,0
S6699,29
S7382,1
S6952,6
S6828,223
S7442,20
S5036,25
S6829,197
S7380,0
S7328,18
S7422,25
S7326,14
S7421,9
S7353,15
S6950,12
S7003,1
S6687,26
S6686,10
S6812,35
S6811,40
S6813,43
S6814,12
S6854,24
S7340,16
S6701,11
S7370,50
S7503,23
S5484,31
S5371,39
S7303,4
S7372,31
S7341,28
S6827,16
S6951,15
S7116,0
S7184,1
S7185,13
S7295,18
S7293,16
S7292,33
S7294,6
S5481,32
S5888,23
S6741,32
S7045,28
S7207,26
S6684,13
S1485,7176
S1486,5962
S1490,7190
S5922,17
S1484,5973
S1487,5971
S1488,49
S1489,5967
S1491,2386
S6795,16
S7106,454
C1071,32
C1072,19
S4740,9
S6962,9
S7366,37
S6683,5
S7283,17
S1494,551
S1501,25
S1500,5
S1502,18
S1503,25
S7560,22
S7035,42
S7277,22
S1506,12
S1508,11
S1507,24
S7135,18
S7471,16
S7134,0
S7133,18
S1505,11
S1504,31
S7057,37
S7056,20
S1512,1
S1513,1857
S1535,18
S7302,0
S7514,16
S7595,3
S6313,7
S6314,25
S6315,25
S6316,24
S6536,13
S7334,7
S3573,0
S4037,26
S6070,43
S6071,12
S6069,31
B3652,25
S7562,35
D0635,6
S7391,19
S7392,32
S6080,30
S7448,16
S7456,16
S6873,0
S5282,23
S6760,12
S6871,17
S6756,26
S6755,0
S6754,6
S7252,6
S6920,9
S7593,24
S6708,2
S7221,19
S6716,25
S6715,41
S6578,29
S6611,1
S7110,10
S7096,20
S7136,154
S1585,33
S1586,200
S7369,20
S1587,28
S1588,19
S1593,0
S1594,26
S1595,2
S1605,1
S1606,8
S1592,0
S1601,19
S1603,34
S1596,34
S6106,23
S6398,11
S6895,17
S1599,25
S1597,28
S1598,0
S3324,45
S1600,39
S1602,25
S1604,92
S1607,1
S1608,17
S1609,34
S1610,42
S1611,53
S1612,7
S1613,63
S1618,170
S1619,209
S1620,206
S1621,34
S1614,216
S1615,2
S1616,11
S1617,44
S4160,32
S6840,6
S1624,28
S7245,14
S6765,10
S6789,45
S1637,464
S1639,422
S1640,667
S5601,38
S1644,16
S1655,6
S1664,156
S1667,21
S1679,24
S1780,29
S1781,24
S1782,24
S6977,7
S6978,9
S7141,3
S1791,0
S1792,6
S1793,4
S3619,8
N1054,5
S3663,0
S4620,3
S1967,18
S1968,23
S1969,0
S5879,6
S4989,16
S7386,24
S5090,2
S4156,10
S5948,39
S6926,32
S6928,21
S6927,41
S6929,6
S6925,18
S7030,2
S5581,0
S7029,27
S5474,8
S5472,26
S5475,116
S5473,6
S6105,14
S6303,32
S6104,14
S6583,29
S7239,12
S7241,31
S7480,23
S7479,31
S7478,40
S7477,0
S7609,16
S7570,25
S7587,29
S6003,25
S7461,4
F0900,169
F1248,29
S6122,22
S6124,10
S6518,21
S7509,2
S5223,34
S5224,0
S6172,1
S0757,41
S0755,9
S3691,437
S3789,19
S0756,4
S4333,20
S4595,0
S3548,41
S4591,26
S2010,9
S2019,28
S2020,19
S2011,24
S2013,25
S2014,0
S2015,10
S2034,19
S4758,34
S4411,7
T2026,7
S3661,0
S2036,18
S7389,16
S7388,0
S7387,13
S7390,0
S7073,19
S7074,4
S6857,22
S6856,0
S2051,28
S7429,22
S7601,6
S7426,6
S7436,0
S7401,0
S7499,8
S7275,0
S7274,35
S7216,5
S2053,34
S2058,200
S7254,0
S2059,36
S2060,73
S2068,901
S2064,1
S2073,577
S2071,225
S2065,557
S2070,1551
S3881,0
S6832,192
S2084,9
S2076,943
S2081,446
S2082,210
S2077,26
S2085,156
S6690,0
S6691,16
S2093,20
S2090,11
S2095,88
S6688,19
S6689,20
B3893,40
S7367,9
S7001,0
S7605,0
S7606,21
S2196,35
S3212,11
S7244,36
S7072,17
S7071,30
S7383,10
S7384,0
S2201,25
S2199,30
S2200,3
S2202,193
S2203,3
S2215,220
S2219,206
S2220,198
S6902,0
S2222,199
S7000,27
S2229,169
S2230,184
S2233,144
S2234,156
S6944,20
S6945,0
S6946,6
S7113,1
S6947,27
T0260,14
T0262,45
S2236,688
S2228,154
T0261,161
S5018,32
S2238,404
P0947,90
P0948,75
P0950,174
S6788,21
S6746,15
S7246,23
S7518,25
M4548,25
S7103,25
S7300,0
S7428,12
S7427,37
S7059,21
S3894,777
S3893,330
S7278,33
S7161,0
S2251,223
S2252,199
S2253,13
S2254,213
S2255,218
S2262,0
S2260,208
S6909,13
S7089,39
S2269,31
S2270,8
S7413,0
S1988,25
B1162,20
S7594,0
S6753,30
S6916,25
S6915,1
S3571,203
S2275,37
S7083,33
S7332,37
S7365,39
S7416,23
S7331,14
S6735,23
S7404,4
S7403,8
S6460,339
S5923,3
S5763,4
S6742,33
S7150,17
S7291,1
S7599,22
S2284,217
S7004,23
S2291,420
S6749,2
S7084,35
S4065,29
S6957,18
S6698,5
S3869,19
S7011,13
S7010,23
S7396,30
S7398,30
S6435,7
S7397,8
S7285,1
S7284,7
S7543,0
S7617,16
S7618,31
S6693,41
S6714,0
S6960,10
S6736,14
S6747,0
S6790,12
S7112,2
S6744,35
S7111,19
P1282,19
P2970,2
P1279,21
P1277,3
S4768,0
S4769,25
S5599,25
S5600,27
S6767,18
S6919,19
S4075,19
S6584,26
S7240,0
S6366,24
S6294,32
S4695,17
S2315,47
S4588,71
S7350,27
S2318,8
S2319,418
S6807,18
S6255,52
S7006,0
S7143,1
S7007,7
S2346,391
S4726,46
S4687,10
S4727,24
S4688,29
S4779,0
P3302,32
S2347,539
S2349,1
S6718,33
S2370,45
S2372,31
S2376,0
S2373,18
S2374,12
S2375,15
S2377,9
S7218,20
S7195,30
S7194,25
S6918,8
S6917,10
S6768,8
S7222,11
S6770,13
S6769,24
S7400,18
S2378,2
S2382,5
S2383,0
S7152,32
S7153,0
S7155,0
S7154,0
S7196,11
S7215,0
S7191,5
S7192,0
S7193,25
S7374,19
S7305,34
S7375,16
S2361,13
S2367,12
S7225,14
S2392,0
S2391,8
S2394,30
S2393,0
S2406,47
S2407,39
S2360,31
S2365,25
S2362,18
S2364,14
S2363,6
S2366,0
S2371,16
S2368,1
S2369,13
S6719,2968
S6717,38
S6707,0
S3824,0
S3778,20
S2414,411
S2413,454
S2415,445
S2420,433
S2425,434
S2424,454
S4832,28
S4831,23
S2436,15
S6191,11
S6881,34
S6884,19
S6777,0
S6886,12
S6877,18
S6878,6
S6883,34
S6882,0
S6885,0
S6778,13
S7224,37
S7223,18
S6880,30
S6879,0
S7023,10
S7025,13
S7024,32
S7026,36
S2454,15
S2458,27
S2459,2
S2466,33
S2468,19
S5033,34
S5031,34
S5032,20
S2472,17
S2473,26
S2474,0
S2465,1
S2467,98
S2460,13
S2461,12
S2462,29
S2463,23
S2464,5
S2487,34
S2478,1
S2491,2
S2493,8
S2485,19
S2489,0
S2494,4
S2488,7
S2490,33
S2492,16
S6887,23
S6706,27
S5900,46
S5766,41
S6752,16
S6412,2
S4433,26
S2532,25
S2531,17
S2533,32
S6521,0
S2526,14
S3249,39
S7488,28
S3248,5
S3250,19
S7438,1
S6794,2
S7625,22
S7624,10
S7626,3
S7009,16
S6936,13
S6817,31
S6935,3
S6816,79
S7510,14
S6733,10
M0260,29
M0264,22
M0266,4
S6867,10
S6836,1
S2551,447
S2556,47
S2544,459
S2557,424
S3437,4
S2545,442
S2549,439
S2547,456
S2550,430
S2558,448
S2552,446
S2553,465
S2554,440
S2555,214
S2559,925
S2560,436
S2561,0
S7022,27
S7575,35
S7013,11
S7219,0
S7014,27
S7306,29
S7012,0
S7076,19
S7591,23
S6259,29
S6260,30
S2564,37
S2566,11
S7352,34
S7351,7
S6534,6
S6533,188
S3666,34
S3060,34
S2567,443
S2568,766
S6142,27
S6143,27
S6084,18
S7049,7
S2608,451
S2625,215
S2627,188
S2626,217
S4524,35
S3842,8
S3604,3
S2624,432
S5228,31
S6676,31
S7104,22
S7108,32
S7131,13
S7130,5
S3660,0
S7201,5
S7202,2
S2623,441
S2620,441
S7425,10
S7424,0
S6774,20
S2649,89
S2636,205
S2637,42
S6745,36
S2638,209
S2639,37
S2647,104
S2648,94
S7598,44
S7015,11
S7079,843
S6603,16
S6674,10
S6940,29
S6941,37
S6640,15
S7100,31
S7263,5
S7547,6
S6630,4
S6678,17
S7600,25
S7205,4
S7563,0
S7109,642
S6924,41
S6633,1
S6631,26
S7262,13
S6923,14
S7298,25
S7261,29
S7206,7
S7590,44
S7460,7
S7105,0
S7204,14
S7546,31
S6922,9
S5254,0
S5230,8
S7151,8
S6632,0
S6574,44
S7545,16
S7530,0
S6773,22
S7308,0
S7175,35
S7176,0
S7177,24
S7344,12
S6675,0
S7553,9
S2693,23
S7592,29
S7576,21
S7580,0
S7564,1
S7577,25
S7578,28
S7579,25
S6641,20
S6661,14
S6808,24
S6673,31
S7203,29
S6771,28
S6888,19
S6799,10
S6964,6
S6893,19
S6939,0
S6938,0
S7075,15
S6955,37
S6954,8
S2743,22
S2752,80
S2753,111
S2754,51
S7144,7
S5743,0
S6709,19
S7046,19
S7047,2
S7186,7
S6943,20
S7288,49
S2766,12
S2767,13
S7101,6
S7268,15
S2770,347
S7237,9
S7238,6
S7200,1
S7439,6
S6818,16
S7542,31
S7541,26
S7614,28
S7227,25
S5943,21
S5942,9
S2794,189
S4700,10
S4361,8
S4168,30
S4291,1
S5194,34
S4169,1
S4290,28
S7020,12
S7021,9
S4527,0
S2818,8
S6937,32
S7451,22
S2855,24
S2860,100
S4760,17
S2876,27
S5774,12
S6669,4
S2874,0
S2872,18
S2871,11
S2873,0
S6672,15
S7561,5
S6668,18
S4938,13
S2881,90
S4833,20
S4835,14
S4834,0
S4836,22
S2882,29
S2883,37
S2884,6
S2885,17
S5881,13
S4671,21
S3944,28
S6890,18
S7033,36
S6801,29
S6800,0
S6999,4
S6891,19
S6921,25
S6030,0
S6967,7
S6290,495
S6029,0
S6010,6
S6006,43
S7410,38
S2929,1893
S7623,0
S6256,19
S7142,11
S6249,32
S6247,23
S6250,63
S7037,10
S6663,15
S6720,11
S7038,20
S6721,29
S7068,13
S6664,4
S5762,0
S7197,31
S2940,34
S2941,458
S2942,0
S2935,195
S2936,28
S2949,438
S2950,437
S2951,22
S2943,12
S2944,0
S2945,6
S2961,4
S2959,431
S2960,24
S2956,9
S2955,223
S6064,6
S7299,22
S7236,2
S6782,7
S6781,0
S6779,33
S6780,23
S6949,25
S6948,7
S7235,1
S6784,20
S6783,27
S7016,0
S7602,36
S7603,10
S7333,33
S5611,0
S5614,16
S5647,3
S5832,0
S6876,8
S5669,14
S2969,24
S3239,16
S5951,11
S5952,24
S6866,11
S2982,37
S2989,16
S2990,7
S2991,178
K1746,170
S2992,10
S2993,0
S2994,25
S2998,13
S3000,221
S3014,28
S3016,17
S3313,2
S7568,33
S3040,14
S3041,15
S3043,1
S7470,40
S3044,6
S3045,36
S7145,16
S3042,18
S7120,24
S7119,1
S7146,23
S7118,24
S7117,14
S5298,0
S7465,17
S7044,20
S7043,21
S7463,26
S7042,21
S5233,122
S5323,26
S6889,19
S6894,13
S7226,23
S5234,32
S5322,14
S7464,8
S6127,37
S7574,27
S6128,2
S7414,29
S7459,0
S7163,1
S7157,26
S7220,23
S7162,11
S7158,2
S7229,29
S7377,15
S6616,0
S7212,13
S7214,17
S7211,17
S7213,23
S7247,1
S7272,20
S7322,16
S7273,12
S7271,5
T2471,1
T1235,16
T2574,0
T2522,15
T2406,11
T1324,18
T0020,45
T1123,0
T0707,28
T2403,27
T1442,11
T1731,1
H1156,25
T2404,0
T2538,0
T2405,44
T0025,5
T0026,27
T0027,28
T0028,30
T2573,18
T0023,3
T1231,5940
T0024,466
T0693,29
T0971,25
T2131,32
T2010,4
T0044,5
T0046,230
T0047,172
T1230,19
T2229,36
T2228,2
T2639,28
T1651,0
T1652,25
T0059,215
T0061,14
T0063,444
T2481,36
T2479,615
T2591,31
T2557,15
T2587,18
T2483,39
T1965,4
T2418,37
T2417,0
T2478,18
T0097,15
T0100,200
T0101,209
T0102,189
T0104,171
T0105,0
T0106,160
T0107,193
T0108,42
T2447,200
T2446,31
T0120,582
T0118,596
T0119,552
T0121,570
T0122,595
T2206,22
T2674,14
T2675,23
T2526,2
T2525,0
T2524,27
T2498,26
T2660,34
T2643,0
T2648,11
T2647,2
T2205,3
T2682,21
T2208,0
T2618,27
T2617,7
T0138,377
T2207,18
T2572,6
T2610,17
W0753,34
T2348,44
T0139,452
T0140,420
T1074,32
T0141,47
T0142,445
T0143,27
T0149,2838
T0150,2811
T1073,4
T0151,2857
T0152,2865
T0153,2840
W0654,30
T2179,0
T0155,0
T0158,1
T0154,3
T2050,21
T0156,16
T0157,30
T2367,9
T2366,22
T2370,22
T2649,0
T2650,2
T2559,8
T2558,18
T2608,5
T2657,4
T2455,48
T2696,10
T2426,0
T2560,25
T2325,2
T2568,20
T2569,3
T2280,2
T2510,14
T2319,18
T2346,45
T2638,6
T2571,24
T2477,30
T2637,22
T2502,17
T2324,41
T2496,31
T2320,20
T2352,14
T2363,30
T2565,16
T2489,26
T2523,2
T2222,13
T2686,13
T2513,22
T2359,3
T2362,21
T2360,19
T2361,35
T2529,36
T1236,18
T2563,27
T2547,18
T2542,15
T2545,13
T2543,15
T2546,0
T2544,32
T2400,19
T2580,25
T1313,15
T2111,0
T2112,7
T2230,23
T2520,3
T2607,34
T2224,23
T2422,32
T2421,17
T2420,4
T2423,18
T2464,18
T2463,25
T2466,10
T2465,25
T2485,0
T2501,27
T2690,8
T2549,31
T2500,29
T2693,13
T2644,0
T2517,35
T2459,7
T2460,8
T2389,33
T2511,2
T2611,14
T2439,13
T2419,0
T2244,32
T2424,25
T2425,29
T2620,40
T2619,33
T1781,17
T2452,28
T2453,44
T2621,29
T2622,34
T2600,38
T2536,17
T2594,32
T2680,0
T1802,14
T2457,19
T2456,1
T2636,29
T2672,4
T2635,39
T2624,26
T2625,0
T1899,0
T2472,21
T2623,38
T1663,39
T2596,27
T2595,19
T2492,23
T2668,25
T2599,40
T2442,14
T2440,48
T2226,30
T2640,31
T2467,32
T2468,28
T2669,10
T1419,25
T2593,22
T2663,1
T2535,34
T2662,15
T2588,0
T2589,17
T2443,4
T2482,9
T1990,35
T0274,5
T0275,18
T2561,9
T2562,38
T2689,16
T2659,8
T2688,19
T2687,35
T2386,21
T2384,1
T2385,19
T2383,13
T2382,28
T2225,16
T2216,22
T2692,3
T2393,0
T2392,17
T1761,13
T2630,0
T0303,31
T0304,32
T0306,21
T0307,7
T1757,11
T2180,3
T0324,748
T1745,19
T2685,30
T1857,39
T2397,8
T2396,14
T2602,20
T2664,0
T2491,16
T2454,86
T2601,6
T1546,6
T1545,27
T2539,23
T2387,20
T2518,5
T2340,15
T1980,1
T0380,23
T2395,0
T0392,1179
T0386,18
T2379,7
T2378,17
T2376,43
T0389,1164
T2470,13
T2652,22
T0404,455
T2223,30
T2490,24
T2616,11
T2615,2
T2433,9
T2435,22
T2437,0
T2436,0
T2438,20
T2434,8
T2676,18
T2448,37
T2677,5
T2014,22
T2412,26
T2413,31
T2402,18
T1436,8
T0423,0
T0421,433
T0422,25
T1295,19
T2431,18
T2527,0
T2430,28
T2153,12
T2154,16
T2681,2
T2323,23
T2333,13
T0413,428
T0414,458
T0910,41
T0914,22
T0912,34
T0909,21
T1678,25
T1679,6
T1681,0
T1680,34
T0916,2
T0903,39
T0907,34
T0911,6
T0904,20
T0905,26
T0906,13
T0913,16
T2494,18
T2493,0
T2495,18
T2159,8
T2196,40
T2645,36
T2651,22
T2609,0
T2508,22
T2505,9
T2506,14
T2507,38
T2592,0
T2474,14
T2581,25
T2694,37
T2528,1
T2408,33
T2407,10
T2401,12
T2391,16
T2670,11
T2462,17
T2449,1033
T2567,11
T2566,24
T2586,19
T2585,2
T2096,13
T2598,11
T2653,10
T0472,35
T2504,30
T2503,25
T2575,0
T2534,30
T0482,212
T2051,0
T0484,205
T0485,193
T1453,5
T1452,13
T2487,14
T2486,8
T1729,92
T0486,25
T0876,3
T2170,4
T2221,16
T2631,34
T2632,19
T2633,0
T2671,48
T2388,21
T2475,5
T0516,16
T0518,30
T2655,24
T2665,4
T2656,19
T0529,4
T2658,35
T2570,25
T2398,55
T2399,25
T2445,0
T2441,28
T2579,18
T0542,26
T2683,37
T2416,25
T2415,14
T0555,941
T2576,21
T2499,0
T0558,206
T0560,217
T0567,447
T0564,437
T0563,458
T0566,449
T0571,454
T0570,449
T0575,413
T0562,175
T1465,9
T0568,13
T2249,34
T2247,1
T2248,6
T1561,0
T1943,6
T2171,12
T2473,33
T2541,28
T2540,1
T2613,21
T2626,25
T2627,18
T0593,220
T0585,211
T2614,24
T2261,5
T2262,24
T2484,16
T2514,19
T2530,19
T2519,15
T2629,16
T2628,18
T2169,20
T2469,2
C0245,19
T2394,12
T1470,22
T1469,28
T0639,17
T1650,9
T1649,14
T0647,22
T0648,29
T0646,14
T2548,7
T2679,12
T2667,13
T2695,27
T2666,0
T2673,0
T2678,11
T2428,24
T2427,36
T2429,4
T1762,25
T0697,101
T2488,2
T2351,18
T2201,0
T2684,16
T2654,17
T2584,29
T2582,7
T2583,18
T2480,32
T2497,1
T2509,9
T2634,37
T2450,267
T2476,37
T2642,41
T2515,22
T2661,27
T2451,167
T2516,28
T2533,18
T2551,0
T2555,24
T2553,19
T2554,28
T2556,26
T2552,23
T1656,2
T0762,6
T0763,30
T0825,8
T0764,31
T1602,16
T0765,15
T0875,4
T2458,577
T2550,29
T2512,0
T2564,8
T2646,26
B4324,26
T2590,3
T1110,19
T2461,0
T2578,15
T2577,25
T1715,0
T2410,22
T2411,4
T2409,0
T2641,0
T2532,4
T2531,24
T2603,10
T2597,3
U0292,38
U0158,63
U0347,294
U0344,25
U0049,31
U0050,5
U0051,29
U0052,0
U0053,19
U0054,19
U0055,26
U0056,10
U0057,21
U0058,21
U0059,20
U0060,0
U0061,22
U0062,2
U0063,19
U0064,35
U0307,0
U0346,9
U0345,15
U0287,0
U0289,1
U0288,27
U0290,21
U0336,16
U0066,16
U0291,5
U0348,2
S0746,442
S0749,388
S0750,38
U0065,22
T0251,410
U0209,4
U0217,36
T0254,461
U0212,17
U0068,488
U0330,32
U0329,26
U0333,482
U0328,329
U0076,811
U0284,0
U0247,24
U0083,809
U0201,13
U0084,704
U0105,38
U0200,27
U0214,32
U0092,796
U0096,780
U0097,821
U0166,24
U0275,14
U0077,812
U0078,467
U0080,799
U0258,3
U0082,294
U0087,452
U0089,191
U0091,211
U0334,29
U0093,933
U0095,34
U0099,705
U0098,681
U0100,571
U0342,9
U0101,16
U0102,14
U0104,574
U0103,15
U0106,11
U0075,433
U0108,216
U0338,23
U0326,24
U0295,27
U0301,10
U0327,22
U0297,3
U0294,36
U0302,26
U0331,0
U0300,14
U0296,0
U0332,26
U0343,31
U0339,13
U0335,22
U0341,8
U0177,36
U0304,2
U0178,15
U0198,37
U0238,42
U0263,2
U0266,33
U0337,33
U0340,0
V0557,23
U0149,7
V1018,11
V0916,21
V0572,24
V0571,1
V0587,36
V0574,6
V0991,6
V0065,1
V0077,16
V0061,140
V0063,166
V0062,180
V1053,20
V0953,0
V1066,12
V1064,1
V1063,33
V0104,1135
V0106,197
V0105,7
V0687,9
V0688,19
V0575,23
V0107,17
V0108,39
V0857,10
V0936,22
V0568,8
V0861,23
V0539,17
V0111,205
V0112,20
V0925,8
V0538,27
V0113,0
V0110,192
V0669,33
V0860,10
V1054,18
V1016,22
V1058,19
V0117,23
V0915,42
V0121,219
V0657,18
V0859,35
V0115,224
V0116,195
V0858,3
V0988,27
V0969,39
V0968,22
V1067,1
V1026,10
V1059,13
V1024,4
V1025,38
V1015,35
V1017,4
V1014,2
V1027,8
V1028,21
V1036,1
V1020,4
V1019,7
V0961,102
V1062,0
V1043,19
V1042,22
V1061,7
V0982,27
V1047,0
V1045,35
V0983,29
V1046,14
V1044,25
V1060,21
V0839,35
V0845,3
V0867,17
V0838,45
V0834,16
V0847,40
V0892,4
V0836,30
V0981,20
V0837,33
V1071,10
V1012,11
V1001,19
V1000,27
V1002,17
V1055,10
V0917,34
V1033,3
V1051,21
V1049,10
V1050,17
V1037,13
V1030,0
V1029,9
V1032,40
V1038,20
V0611,23
V0612,0
V0613,0
V1011,1
V0964,166
V0904,0
V0970,32
V0905,22
V1065,11
V1009,19
V1008,33
V0990,0
V1007,4
V1013,18
V0563,12
V0170,969
V0171,3
V0172,969
V0920,27
V0926,37
V0898,16
V0924,28
V0960,108
V1031,10
V0993,23
V0952,46
V0922,30
V0992,16
V0583,10
V0994,27
V0180,5728
V0185,436
V0966,12
V0189,5
V0584,0
V1070,37
V0998,19
V0999,31
V1052,10
V0947,8
V0948,35
V0949,29
V0950,16
V0194,16
V0673,0
V0195,7
V0196,16
V0199,1738
S0059,1753
S0060,1768
V0919,17
V0537,25
V0896,21
V0208,211
V0891,8
V0989,28
V0951,28
V0958,2
V0959,11
V0957,23
V0780,24
S4813,1
V0603,23
V0963,13
V0237,36
V0236,185
V0605,5
V0938,0
V1010,23
V1006,30
V1023,36
V1022,20
V1021,0
V0245,199
V0247,425
V0824,10
V0658,13
V0811,30
V0653,11
V0956,24
V0923,8
V0954,32
V1057,19
V1056,1
V0266,928
V0268,447
V0280,461
V0269,213
V0277,940
V0281,25
V0282,30
V0279,468
V0271,916
V0272,459
V0274,184
V0278,915
V0283,22
V0671,14
V0591,24
V0670,17
V0662,1
V0550,22
V0552,17
V0592,25
V0663,16
V0586,11
V0585,16
V0955,24
V0962,26
V1004,1
V1005,12
V1003,30
V0967,18
V0906,0
V0986,5
V0987,6
V0985,0
V0946,28
V1040,17
V1039,22
V1041,1
V0680,28
V0379,15
V0679,30
V0380,425
V0995,31
V0984,11
V1035,0
V0996,33
V0921,9
V1034,17
V0634,22
V0410,220
V0411,15
V0416,201
V0417,168
V0418,0
V0419,10
V0997,29
V0434,218
V0433,19
V0435,3
V0436,4
V0889,17
V0437,0
V0500,209
V0501,178
V0502,191
V0499,813
V0498,232
V0503,203
V0505,21
V0506,169
V0504,188
V0609,0
V0691,15
V0507,26
V0508,192
V0509,698
V1068,5
V0511,701
V0421,211
V0420,6
V0888,20
V0422,217
V0423,236
V0519,25
V0518,24
H1071,25
V0425,186
V0426,33
V0424,183
V0427,211
V0428,201
V0429,209
V0430,189
V0431,200
V0520,177
V0965,32
V0971,15
V0521,214
V0432,203
V0708,33
V0709,22
L0900,211
V0628,32
V1069,19
V0523,217
V0551,1
V0513,192
V0510,202
V0515,211
V0976,1
V0975,31
V0980,16
V0979,12
V0525,0
V0524,202
V0972,31
V0973,21
V0974,23
V0978,0
V0977,26
V0890,19
V0458,48
V0459,17
V0461,18
V0462,0
V0464,26
V0828,18
V0829,15
V0822,25
V0473,11
V0799,34
V0862,24
V0477,105
V0476,187
V0478,207
V0479,216
W0838,0
W0839,22
W0840,13
W0841,35
G2587,22
W0836,0
W0835,14
W0745,43
W0837,6
W0883,0
W0874,17
W0873,11
W0876,18
W0909,33
W0038,0
W0483,9
W0042,26
W0485,21
W0464,9
W0459,22
W0622,12
W0589,39
W0796,24
W0894,27
W0895,11
W0896,0
W0903,24
W0861,25
W0742,206
W0689,18
W0678,222
W0913,38
W0898,24
W0899,23
W0798,393
W0797,27
W0900,11
W0910,34
W0461,19
W0856,0
W0851,2
W0751,553
W0817,6
W0818,30
W0787,219
W0784,29
W0793,0
W0862,19
W0855,6
W0850,2
W0853,23
W0852,0
W0863,6
W0849,50
W0821,24
W0653,24
W0647,35
W0831,28
W0776,2
W0806,11
W0075,32
W0078,29
W0079,45
W0822,21
W0823,0
W0824,50
W0825,0
F0082,45
F0081,0
W0718,22
W0842,0
W0707,2
W0799,13
W0625,0
W0816,23
W0847,0
W0887,0
W0907,9
W0906,7
W0892,36
W0893,18
W0857,11
W0091,7
W0829,21
W0827,10
W0826,32
W0828,2
W0848,27
W0812,39
W0815,0
W0814,9
W0813,1
W0095,2
W0096,33
W0097,9
W0811,14
W0411,0
W0412,25
W0413,0
W0416,34
W0415,0
W0627,3
W0414,24
W0410,5
W0179,12
W0180,106
W0912,10
V0463,11
W0188,22
W0191,4
W0877,28
W0870,26
W0867,17
W0904,9
W0880,21
W0868,0
H1222,1
W0921,20
W0869,1
W0878,2
W0728,8
W0729,0
W0726,0
W0727,21
W0919,0
W0917,23
W0916,0
W0920,4
W0918,10
W0209,445
W0927,0
W0832,48
W0810,10
W0858,6
W0846,26
W0845,21
W0844,34
W0886,0
W0859,0
W0885,15
W0843,15
W0860,50
W0498,20
W0834,15
W0901,27
W0890,0
W0891,31
W0902,21
W0866,27
W0865,18
W0788,28
W0807,25
W0872,3
W0875,23
W0871,0
W0929,23
W0602,27
W0549,16
W0515,0
W0550,10
W0884,8
W0914,0
W0915,8
W0237,24
W0239,203
W0240,11
W0241,0
W0243,16
W0242,26
W0236,1
C3628,50
W0251,366
W0864,5
W0819,7
W0820,0
W0254,1
W0259,30
W0763,0
W0253,430
W0524,28
W0756,41
W0513,9
W0512,13
W0492,6
W0888,0
W0481,41
W0518,38
W0801,25
W0926,18
W0924,39
W0925,2
W0809,24
W0800,85
W0833,40
W0740,7
W0246,154
W0247,154
W0248,152
W0882,22
W0881,3
W0600,25
G1047,216
W0661,21
W0321,16
W0322,30
W0786,24
W0755,0
W0757,1
W0330,29
W0333,0
W0453,12
W0454,3
B2698,0
W0339,348
W0337,28
W0448,16
W0474,16
W0497,3
W0457,15
W0336,189
W0922,5
W0911,34
W0748,16
W0830,1
W0747,3
W0802,17
W0805,14
W0804,21
W0803,12
W0779,0
W0583,22
W0350,29
W0352,33
W0353,0
W0361,18
W0355,199
W0499,30
W0445,21
W0364,25
W0897,1
W0879,19
W0889,25
W0494,1
W0734,22
W0366,31
T1120,30
W0928,35
X0026,933
Y0379,28
Y0018,27
Y0354,22
Y0020,0
Y0374,16
Y0376,26
Y0375,24
M2946,38
M2947,15
Y0034,1575
Y0035,1581
Y0386,44
Y0381,0
Y0380,19
Y0084,50
Y0067,0
Y0324,45
Y0264,18
Y0086,438
Y0268,37
Y0128,401
Y0111,15
Y0373,4
Y0112,26
Y0070,0
Y0255,22
Y0137,0
Y0117,33
Y0400,28
Y0383,2
Y0401,23
Y0404,0
Y0405,0
Y0417,36
Y0416,16
Y0402,35
Y0338,32
Y0337,0
Y0339,20
Y0377,13
Y0382,28
Y0393,10
Y0387,1
Y0406,27
Y0257,13
Y0287,6
Y0378,27
Y0167,36
Y0168,0
Y0170,39
Y0394,28
Y0263,15
Y0271,12
Y0253,29
Y0247,17
Y0177,32
Y0179,10
Y0173,10
Y0175,17
Y0176,41
Y0435,39
Y0385,43
Y0384,12
Y0436,9
Y0432,7
Y0411,15
Y0410,18
Y0423,1
Y0346,16
Y0430,37
Y0399,23
Y0433,21
Y0389,7
Y0390,5
Y0403,5
Y0421,16
Y0409,7
Y0398,13
Y0397,8
Y0425,9
Y0427,29
Y0428,33
Y0344,0
Y0418,29
Y0434,0
Y0431,62
Y0395,36
Y0426,10
Y0392,18
Y0391,40
Y0429,1
Y0388,9
Y0412,13
Y0345,0
Y0396,21
Y0424,23
Y0422,24
Y0319,15
Y0414,33
Y0413,32
G0740,0
Y0213,442
Y0216,446
Y0207,26
Y0208,215
Y0209,202
Y0210,205
Y0211,203
Y0212,439
Y0214,457
Y0215,457
Y0367,0
Y0407,16
Y0408,7
Y0415,1
Y0226,188
Y0227,454
Y0228,1
T1685,3
T1684,0
Z0218,10
Z0220,14
Z0219,11
Z0222,31
Z0221,0
Z0215,0
Z0217,6
Z0214,0
Z0216,0
Z0208,12
Z0136,25
Z0134,11
Z0212,4
Z0137,15
Z0113,26
Z0111,28
Z0174,8
Z0140,11
Z0175,12
Z0198,6
Z0108,40
Z0202,42
Z0024,9
Z0027,19
Z0173,0
Z0139,13
Z0107,6
Z0199,16
Z0172,0
Z0141,17
Z0026,22
Z0028,6
Z0112,23
Z0035,444
Z0192,172
Z0200,15
Z0201,36
Z0196,29
Z0155,18
Z0188,19
Z0187,29
Z0106,5
Z0194,50
Z0205,18
Z0073,21
Z0061,13
Z0143,24
Z0146,23
Z0156,22
Z0162,20
Z0159,15
Z0157,24
Z0163,23
Z0062,30
Z0063,2
Z0160,3
Z0069,26
Z0068,14
Z0064,49
Z0195,18
Z0056,46
Z0120,0
Z0048,14
Z0090,0
Z0095,1
Z0102,22
Z0169,90
Z0058,17
Z0060,25
Z0224,32
Z0179,47
Z0189,0
Z0131,37
Z0065,2
Z0190,5
Z0071,27
Z0144,32
Z0072,31
Z0070,26
Z0223,15
Z0178,0
Z0204,8
Z0203,23
Z0207,12
Z0186,53
Z0206,30
Z0209,16
Z0074,6
Z0211,25
Z0210,18
Z0193,28
Z0075,31
Z0076,21
Z0077,17
Z0078,15
Z0082,18
Z0170,15
Z0080,0
Z0079,1
Z0083,2
Z0167,33
Z0085,9
Z0084,0
Z0086,18
Z0105,21
Z0087,18
Z0088,12
Z0213,0
Z0091,0
Z0145,38
Z0089,10
Z0161,1
Z0158,10
Z0166,37
Z0092,34
Z0197,27
